MaterialType,Taxa
"土器付着物,煤,口縁内面",
"土器付着物,焦,",
"土器付着物,煤,口縁外面",
"土器付着物,焦,胴部内面",
"土器付着物,焦,底部内面",
"土器付着物,煤,胴部上位・外面",
"土器付着物,煤,胴部中位・外面",
"土器付着物,煤,胴上位・外面",
"土器付着物,内面",
"土器付着物,煤,底部外面",
"土器付着物,煤,胴部下位・外面",
"土器付着物,煤,口縁部～胴部上位・外面",
"土器付着物,煤,胴部破片",
"土器付着物,底部下位・外面",
"土器付着物,煤,底部下位・外面",
"土器付着物,煤,胴部外面破片",
"土器付着物,煮焦げ,脚部内面",
"土器付着物,煤,胴部破片・外面",
"土器付着物,煤,胴部上位〜中位・外面",
"土器付着物,煤,口縁部・外面",
"土器付着物,壺棺スス,胴部上半外面",
"種実,コメ,",Oryza sativa
"種実,アカメガシワ,",Mallotus japonicus
"種実,エゴノキ,",Styrax japonicus
"炭化材,アカガシ亜種,",Quercus acuta
"炭化材,木炭,",
"炭化材,カエデ属,",Acer sp.
"炭化材,クリ,",Castanea crenata
"炭化材,タケ亜科,",Bambusoideae
"炭化材,",
"貝,",Mollusca
"土器付着物,焦,胴内",
"種実,ドングリ,子葉",Quercoideae (Quercus / Castanopsis / Lithocarpus / Cyclobalanopsis)
"土器付着物,煤,口縁外",
"土器付着物,焦,口縁内",
"土器付着物,煤,胴外",
"土器付着物,煤,口縁外・胴外",
木材，J-Cal,
"土器付着物,煤,口縁外・胴外上",
"漆,底部内面",
"土器付着物,焦,胴外，胴内",
"土器付着物,焦，煤,胴内，胴外",
"土器付着物,焦,胴内下",
"土器付着物,焦,胴内上",
"土器付着物,焦,口縁内・胴内上",
"土器付着物,焦,胴内中",
"土器付着物,焦,口縁外",
"土器付着物,吹,口縁外",
"漆,漆膜,",
"種実,クルミ,",Juglans sp.
"土器付着物,口縁外",
"炭化材,外側",
"木材,木胎部",
"漆,",
"木材,",
"種実,クルミ,半分",Juglans sp.
"種実,モモ,",Prunus persica
"土器付着物,底部内面",
"土器付着物,胴上外",
"骨,シカ,右大腿骨",Cervidae
"骨,イノシシ,右橈骨",Sus scrofa
"骨,スズキ,右主鰓蓋骨",Lateolabrax japonicus
"骨,スズキ,左主鰓蓋骨",Lateolabrax japonicus
"貝,ホタテガイ,破片",Mizuhopecten yessoensis
"貝,アサリ,",Lajonkairia lajonkairii
"貝,マガキ,",Crassostrea gigas
"貝,ヤマトシジミ,",Corbicula japonica 
"種実,オニグルミ,核",Juglans mandshurica
"種実,クリ,子葉1/4",Castanea crenata
"種実,ヒエ属,",Echinochloa sp.
"土器付着物,煤,胴外中",
"種実,ニワトコ,",Sambucus sieboldiana
"土器付着物,焦,胴下内",
"炭化材,クリ?,部位不明",Castanea crenata
"土器付着物,焦,胴内面",
"土器付着物,煤,胴外面",
"土器付着物,焦,口縁内面",
"その他,不明,",
"種実,オニグルミ,",Juglans mandshurica
木材，ウイグルマッチング，0,
木材，ウイグルマッチング，20,
木材，ウイグルマッチング，40,
木材，ウイグルマッチング，70,
木材，ウイグルマッチング，10,
木材，ウイグルマッチング，30,
木材，ウイグルマッチング，-30,
木材，ウイグルマッチング，50,
"炭化材,不明",
"土器付着物,煤,胴外下",
"炭化材,クリ?,",Castanea crenata
"炭化材,クヌギ節,",Quercus section Cerris [acutissima]
"炭化材,炭化物,",
"種実,オオムギ,",Hordeum vulgare
"炭化材,網代状繊維,",
"炭化材,最外1年輪",
"炭化材,外から10年輪",
"炭化材,外から20年輪",
"貝,シジミ,",Corbiculidae
"種実,モモ,核",Prunus persica
"種実,クリ,",Castanea crenata
"漆,胴内",
"漆,生漆,底部内面",
"土器付着物,煤,胴外上",
"土器付着物,口縁部下面・外面",
"土器付着物,胴部上位外面",
"土器付着物,口縁部外面",
"土器付着物,胴部上位・外面",
"土器付着物,胴部中位・外面",
"土器付着物,頸部外面",
"土器付着物,口縁下外面",
"土器付着物,胴部最大径部・外面",
"土器付着物,胴部下位・外面",
"土器付着物,口縁外面",
"土器付着物,胴部上位・内面",
"土器付着物,上位・外面",
"土器付着物,胴・内面",
"土器付着物,胴部下位・内面",
"土器付着物,口縁部・内面",
"土器付着物,口縁部・外面",
"土器付着物,胴部中位・内面",
"貝,カワニナ,",Semisulcospira libertina
"貝,陸産貝類,",Mollusca
"貝,ハイガイ,",Tegillarca granosa
"土器付着物,胴外",
"種実,ドングリ,",Quercoideae (Quercus / Castanopsis / Lithocarpus / Cyclobalanopsis)
"木材,木製品柄",
"土器付着物,外面",
"土器付着物,焦,内面",
"土器付着物,焦,胴外",
"土器付着物,煤,頸外",
"土器付着物,炭化物,口縁外",
"土器付着物,外面付着",
"土器付着物,",
"土器付着物,胴外上",
"土器付着物,坏屈曲部",
"土器付着物,胴内",
"土器付着物,外面（試料は２点）",
"土器付着物,胴部外面より採取",
"土器付着物,口縁外下",
"土器付着物,胴外下",
木材，ウイグルマッチング，1-5,
木材，ウイグルマッチング，外から1-5年輪,
木材，ウイグルマッチング，外から6-10年輪,
木材，ウイグルマッチング，11-15,
木材，ウイグルマッチング，外から11-15年輪,
木材，ウイグルマッチング，外から16-20年輪,
木材，ウイグルマッチング，21-25,
木材，ウイグルマッチング，外から21-25年輪,
"土器付着物,口縁外上",
"その他,砥石付着物,胴外",
"土器付着物,口縁内下",
"土器付着物,煤?,口縁外",
"土器付着物,煤?,口縁外下",
"土器付着物,焦,胴下外",
"土器付着物,炭化物,胴外",
"土器付着物,コメ,胴外上",Oryza sativa
"土器付着物,吹,胴外上",
"土器付着物,炭化物,底部内面",
"土器付着物,頸外",
"種実,マメ？,",Glycine / Vigna / Pisium / Vicia faba?
"その他,炭化物,",
"土器付着物,煤?,胴外",
"土器付着物,ドングリ,底部内面",Quercoideae (Quercus / Castanopsis / Lithocarpus / Cyclobalanopsis)
"種実,カシ類（ドングリ）,","Quercus sp., Quercoideae (Quercus / Castanopsis / Lithocarpus / Cyclobalanopsis)"
"種実,エゴ,",Perilla frutescens
"種実,コメ,3個",Oryza sativa
"土器付着物,胴内面",
"土器付着物,口縁外・胴外",
"土器付着物,胴外中～下",
木材，ウイグルマッチング，最外1層目,
木材，ウイグルマッチング，中間30層目,
木材，ウイグルマッチング，最内60層目,
"木材,外側",
"木材,内側",
木材，ウイグルマッチング，1〜5,
木材，ウイグルマッチング，31〜35,
木材，ウイグルマッチング，36〜39,
木材，ウイグルマッチング，-20,
木材，ウイグルマッチング，45,
木材，ウイグルマッチング，-90,
木材，ウイグルマッチング，1,
木材，ウイグルマッチング，31,
木材，ウイグルマッチング，61,
木材，ウイグルマッチング，41,
"土器付着物,胴部外面",
"土器付着物,煤,口縁部外面",
"土器付着物,煤,口～胴外面",
"土器付着物,煮焦げ,胴部内面（胴下位内面）",
"土器付着物,煤,胴部上位外面（胴上外）",
"土器付着物,煤,頸部外面",
"土器付着物,胴部下位内面",
"土器付着物,坏部内面",
"土器付着物,煮焦げ,坏部内面",
"土器付着物,口縁部下外面（口外）",
"土器付着物,胴部下半下外面（胴中外）",
"土器付着物,炭化物,胴部外面",
"土器付着物,煮焦げ,胴内面",
"土器付着物,炭化物,胴部上位・外面",
"土器付着物,炭化物,口縁外面",
木材，ウイグルマッチング，最外から1-5,
木材，ウイグルマッチング，最外から11-15,
木材，ウイグルマッチング，最外から21-25,
木材，ウイグルマッチング，最外から31-35,
木材，ウイグルマッチング，最外から26-30,
木材，ウイグルマッチング，最外から26-29,
"土器付着物,煤,",
"土器付着物,煤,胴部外面",
"骨,クジラ,",Artiodactyla
"骨,オットセイ,",Callorhinus ursinus
"骨,ヒト,肋骨",Homo sapiens
"骨,獣骨,LM",Mammalia
"骨,獣骨,SM",Animalia (bone)
"骨,魚骨,顎骨",Animalia (fish)
"骨,魚骨,椎骨",Animalia (fish)
"骨,イルカ,椎骨",Delphinidae
"骨,獣骨,不明",Animalia (bone)
"炭化材,ブドウ科,",Vitaceae
"炭化材,モミ属,",Abies sp.
"炭化材,広葉樹,",Angliosperms
"貝,ウバガイ,",Spisula sachalinensis
"貝,サラガイ,",Megangulus venulosus
"貝,カキ,",Diospyros kaki
"貝,オオノガイ？,",Mya arenaria
"漆,漆膜,胴外",
"土器付着物,口縁内",
"種実,クリ,子葉",Castanea crenata
"土器付着物,底部外面",
"土器付着物,煤,口縁内",
"骨,ヒト,",Homo sapiens
"骨,スズキ,歯骨R",Lateolabrax japonicus
"骨,オットセイ,上腕骨R",Callorhinus ursinus
"骨,タラ,",Gadus chalcogrammus
"骨,シカ,距骨R",Cervidae
"骨,オットセイ,大腿骨R",Callorhinus ursinus
"骨,ヒト,指骨",Homo sapiens
"骨,人骨・上腕",Homo sapiens
"種実,ブドウ科,",Vitaceae
"種実,クルミ属,",Juglans sp.
"種実,キビ,",Panicum miliaceum
"種実,",Plantae (seed)
"種実,キビ属,",Panicum sp.
"種実,アワ,",Setaria italica
"漆,口縁内",
"土器付着物,胴部内面",
"土器付着物,口縁部内面",
"土器付着物,胴部突帯下",
"土器付着物,胴部上位",
"木材,ヒノキ,",Chamaecyparis obtusa
"土器付着物,吹,胴外",
"土器付着物,吹,口縁外・胴外",
"土器付着物,吹,",
"土器付着物,不明,不明",
"木材,最外縁",
木材，ウイグルマッチング，外から1年輪,
木材，ウイグルマッチング，外から21年輪,
木材，ウイグルマッチング，外から31年輪,
木材，ウイグルマッチング，外から41年輪,
木材，ウイグルマッチング，外から51年輪,
木材，ウイグルマッチング，外から61年輪,
木材，ウイグルマッチング，,
木材，ウイグルマッチング，1年輪目,
木材，ウイグルマッチング，外から11年輪目,
木材，ウイグルマッチング，外から21年輪目,
木材，ウイグルマッチング，外から31年輪目,
木材，ウイグルマッチング，外から41年輪目,
"木材,クスノキ,",Cinnamomum camphora
"木材,ムクノキ,外から1年目",Aphananthe aspera
"木材,クヌギ節,",Quercus section Cerris [acutissima]
"木材，ウイグルマッチング，ムクロジ,外から1年目",Sapindus mukorossi
"木材，ウイグルマッチング，ムクロジ,外から11年目",Sapindus mukorossi
"木材，ウイグルマッチング，ムクロジ,外から21年目",Sapindus mukorossi
"木材，ウイグルマッチング，ムクロジ,外から31年目",Sapindus mukorossi
"木材，ウイグルマッチング，ムクロジ,外から41年目",Sapindus mukorossi
"木材，ウイグルマッチング，ムクロジ,外から51年目",Sapindus mukorossi
"木材,サクラ属,",Cerasus sp.
"木材,クリ,",Castanea crenata
"土器付着物,吹,胴外中",
"骨,アシカ,",Otariinae
"骨,人骨,助骨,SK-3-♀",Homo sapiens
"骨,人骨,助骨,SK-30-♂",Homo sapiens
"骨,人骨,助骨,SK-84-♀",Homo sapiens
"土器付着物,煤（アスファルト？）,胴外",
"土器付着物,焦,口縁内,胴内",
"漆,赤漆,口縁外・内",
"土器付着物,焦：米粒痕,胴内",Oryza sativa
"土器付着物,焦：米粒,胴内",Oryza sativa
"骨,シカ,右距骨",Cervidae
"骨,シカ,左距骨",Cervidae
"骨,シカ,基節骨",Cervidae
"貝,サルボウ,",Anadara kagoshimensis
"漆,漆膜,口縁内",
"土器付着物,煤,口外",
"土器付着物,焦,口内",
"土器付着物,焦,口外",
"土器付着物,煤,口内",
"土器付着物,焦,口縁内，胴内",
"土器付着物,焦,口縁外・胴外",
"種実,クリ？,",Castanea crenata
"種実,不明,",Plantae (seed)
"漆,アスファルト？,底部内面",
"漆,胴内下",
"漆,生漆,口縁内",
"土器付着物,煤,胴外中上",
"漆,漆膜,底部内面",
"土器付着物,煤，吹,口縁外,胴外中",
"土器付着物,焦,口胴内",
"土器付着物,吹,口胴外",
"土器付着物,焦,口縁外・口縁内・胴内",
"土器付着物,焦,口縁外，胴内",
"漆,漆？,胴内全",
"土器付着物,焦,口縁内下，胴内中",
"土器付着物,頸部",
"土器付着物,口縁下",
"土器付着物,煤状,胴外",
"土器付着物,吹?,口縁外・胴外",
"土器付着物,吹?,胴外",
"土器付着物,吹,胴内",
"土器付着物,鱗茎状,底部内面",
"木材,スギ,",Cryptomeria japonica
"木材,スギ,中心から180年輪目",Cryptomeria japonica
"木材,スギ,中心から230年輪目",Cryptomeria japonica
"木材,スギ,外から190年輪目",Cryptomeria japonica
"木材,スギ,外から140年輪目",Cryptomeria japonica
"木材,スギ,中心から202年輪目",Cryptomeria japonica
"土器付着物,吹,口縁部外面",
"土器付着物,煮焦げ,底部内面",
"土器付着物,吹,胴部外面",
"土器付着物,焦,胴外下",
"土器付着物,焦,胴外上",
"土器付着物,吹,口縁外上",
"土器付着物,不明,",
"木材,表面5年輪",
"その他,植物繊維,",
"木材，ウイグルマッチング，クスノキ,",Cinnamomum camphora
"炭化材,炭,",
"種実,ホルトノキ,",Elaeocarpus decipiens
"土器付着物,吹,口縁外・胴外下",
"貝,ハマグリ,R",Meretrix lusoria
"貝,シオフキ,R",Mactra veneriformis
"貝,カガミガイ,R",Dosinia [Phacosoma] japonicum
"土器付着物,煤,屈曲部外面",
"土器付着物,吹,頸部外面",
"種実,マメ,",Glycine / Vigna / Pisium / Vicia faba
"土器付着物,煤（漆？）,口縁外・胴外",
"土器付着物,煤?,胴外下",
"種実,コムギ,",Triticum sp.
木材，ウイグルマッチング，外から11年輪,
木材，ウイグルマッチング，外から71年輪,
木材，ウイグルマッチング，外から81年輪,
"土器付着物,焦,胴部内",
"土器付着物,煤,胴部外",
"土器付着物,煤,頸部外",
"土器付着物,焦,胴部外",
木材，ウイグルマッチング，最外から5年輪,
木材，ウイグルマッチング，最外から11年輪,
木材，ウイグルマッチング，最外から21年輪,
木材，ウイグルマッチング，最外から31年輪,
木材，ウイグルマッチング，最外から41年輪,
木材，ウイグルマッチング，最外から49年輪,
木材，ウイグルマッチング，中心から6年輪,
木材，ウイグルマッチング，中心から16年輪,
木材，ウイグルマッチング，中心から26年輪,
木材，ウイグルマッチング，中心から36年輪,
木材，ウイグルマッチング，中心から46年輪,
木材，ウイグルマッチング，外から31-35年輪,
木材，ウイグルマッチング，外から51-55年輪,
木材，ウイグルマッチング，外から71-75年輪,
木材，ウイグルマッチング，外から91-95年輪,
木材，ウイグルマッチング，外から111-115年輪,
木材，ウイグルマッチング，外から131-135年輪,
"土器付着物,焦,胴部内面中部",
"土器付着物,焦,頸内",
"土器付着物,煤,頸外面",
"木材,タケ,胴外",Bambusoideae
"土器付着物,焦,胴内部外面",
"土器付着物,煤,胴下部外面",
"土器付着物,焦,胴下部外面",
"種実,ウリ,",Cucumis melo
"木材,広葉樹,樹皮直下内側最外縁",Angliosperms
"その他,竹皮,",Bambusoideae
"木材,不明",
"木材,不明,不明",
"種実,ヒョウタン？,果皮",Lagenaria siceraria (var. gourda Makino)
"木材,針葉樹（スギ）,不明","Coniferae, Cryptomeria japonica"
"木材,ゴヨウマツ,樹皮直下内側最外縁",Pinus parviflora
"土器付着物,焦（アワ状）,胴内",Setaria italica
"土器付着物,焦,脚底部内面",
"漆,漆片,胴内",
"種実,コメ,焼米",Oryza sativa
"土器付着物,煤,口縁外，胴内",
木材，ウイグルマッチング，外から91年輪,
木材，ウイグルマッチング，外から101輪,
"土器付着物,煤?,口縁内",
"土器付着物,煤,坏",
"土器付着物,煤?,胴外上",
"種実,マメ科,",Fabaceae
"土器付着物,煤,胴下半外面",
"土器付着物,煤,頸部・外面",
"土器付着物,膜状,胴部中位外面",
"土器付着物,吹?,胴部最大径下位・外面",
"土器付着物,煤,胴部最大径・外面",
"土器付着物,吹?,口縁部外面",
"土器付着物,煤,胴部上位外面",
"土器付着物,煤,胴部中位外面",
"土器付着物,吹，煤,胴部中位外面",
"土器付着物,吹,胴部中位外面",
"土器付着物,胴部下位外面",
"土器付着物,煤状,胴部中位外面",
"土器付着物,煤,胴部下位外面",
"木材，ウイグルマッチング，クスノキ,内から5層",Cinnamomum camphora
"木材，ウイグルマッチング，クスノキ,内から25層",Cinnamomum camphora
"木材，ウイグルマッチング，クスノキ,内から45層",Cinnamomum camphora
"木材，ウイグルマッチング，クスノキ,内から65層",Cinnamomum camphora
"木材，ウイグルマッチング，クスノキ,内から85層",Cinnamomum camphora
"木材，ウイグルマッチング，クスノキ,内から105層",Cinnamomum camphora
"種実,トチ,皮殻",Aesculus turbinata
"土器付着物,焦,胴内下中",
"種実,ダイズ,",Glycine max
"骨,ブダイ,",Calotomus japonicus
"骨,イノシシ,",Sus scrofa
"骨,ジュゴン,",Dugong dugon
"貝,アラスジケマンガイ,",Gafrarium tumidum
"貝,チョウセンサザエ,",Turbo (Marmarostoma) argyrostomus
"貝,マガキガイ,",Conomurex luhuanus
"貝,シャコガイ,",Tridacninae
"土器付着物,焦,蓋内",
"漆,塗膜,胴外",
"木材，ウイグルマッチング，モミ属,最外1年目",Abies sp.
"木材，ウイグルマッチング，モミ属,最外11年目",Abies sp.
"木材，ウイグルマッチング，モミ属,最外21年目",Abies sp.
"木材,コナラ属コナラ亜属コナラ節,",Quercus subgen. Quercus
"木材,板材最外縁",
"種実,ヒョウタン,",Lagenaria siceraria (var. gourda Makino)
木材，ウイグルマッチング，最も内側,
木材，ウイグルマッチング，最内から10層目,
木材，ウイグルマッチング，最内から20層目,
木材，ウイグルマッチング，最内から30層目,
木材，ウイグルマッチング，最内から40層目,
木材，ウイグルマッチング，最内から50層目,
木材，ウイグルマッチング，最内から60層目,
木材，ウイグルマッチング，最内から70層目,
木材，ウイグルマッチング，最内から80層目,
木材，ウイグルマッチング，最内から90層目,
木材，ウイグルマッチング，最内から100層目,
木材，ウイグルマッチング，最内から110層目,
木材，ウイグルマッチング，外から11-20年輪,
木材，ウイグルマッチング，外から51-60年輪,
木材，ウイグルマッチング，外から91-100年輪,
木材，ウイグルマッチング，外から121-130年輪,
木材，ウイグルマッチング，外から151-160年輪,
木材，ウイグルマッチング，外から191-200年輪,
木材，ウイグルマッチング，外から231-240年輪,
"漆,漆膜,胴内",
"種実,ヒョウタン,片",Lagenaria siceraria (var. gourda Makino)
"土器付着物,煤,胴部内面",
"木材,最外",
"木材,外皮付き最外",
"種実,堅果類,","Plantae (seed, fruit)"
"骨,コイ類,第一椎骨",Cyprinus carpio (type)
"貝,セタシジミ,",Corbicula sandai
"その他,松葉,",Pinaceae (?Cellana nigrolineata limpet ? 松葉貝)
"その他,アシ,",Phragmites sp.
"貝,カラスガイ,",Cristaria plicata
"貝,ヤマトカワニナ,",Semisulcospira nipponica
"貝,ナガタニシ,",Heterogen longispira
"貝,セタシジミ,貝殻",Corbicula sandai
"貝,セタシジミ,中身",Corbicula sandai
"土器付着物,煤,胴外（頸）",
"漆,塗膜,胴内",
"土器付着物,煤,口縁外・胴外下",
"土器付着物,吹,口縁外・胴外上",
木材，ウイグルマッチング，外から1年輪目,
木材，ウイグルマッチング，外から51年輪目,
木材，ウイグルマッチング，外から61年輪目,
木材，ウイグルマッチング，外から91年輪目,
木材，ウイグルマッチング，外から131年輪目,
木材，ウイグルマッチング，外から26-30年輪,
木材，ウイグルマッチング，外から36-40年輪,
木材，ウイグルマッチング，外から41-45年輪,
"その他,鉄,袋部",
"その他,鉄,袋部刃先近く",
"土器付着物,煤,頚部外面",
"土器付着物,焦,胴内下部",
"炭化材,炭化物,樹幹",
"土器付着物,煤，吹,口縁外・胴外",
"木材,外から2年輪",
"種実,サンショウ,",Zanthoxylum piperitum
"種実,カラスサンショウ,",Zanthoxylum ailanthoides
"炭化材,最外縁",
"土器付着物,胴内上",
"土器付着物,頚外",
"土器付着物,煤,頚外",
"その他,植物遺体,",
"その他,ウツギ,",Deutzia crenata
"木材,裏面",
"木材,内周",
"木材,外周",
"骨,ヒト,左脛骨中間部",Homo sapiens
"骨,ヒト,肋骨左7",Homo sapiens
"骨,ヒト,右中足骨2",NA
"骨,ヒト,右中足骨5",NA
"骨,ヒト,右中足骨3",NA
"骨,ヒト,右中足骨4",NA
"骨,シカ,右下上腕骨",Cervidae
"骨,シカ,右踵骨",Cervidae
"骨,イノシシ,右踵骨",Sus scrofa
"炭化材,炭化物,土壌中",
"土器付着物,吹,身内面",
"貝,マシジミ,",Corbicula leana
"種実,クルミ,殻",Juglans sp.
"土器付着物,煤,底部内面",
"土器付着物,煤,胴内上",
"種実,オニグルミ,内果皮",Juglans mandshurica
"種実,トチノキ,種皮",Aesculus turbinata
"種実,ナラガシワ,果皮",Quercus aliena
"種実,ササゲ属,",Vigna sp.
"木材,ニレ属,",Ulmus sp.
"木材,ヤマグワ,",Morus australis
"木材,コナラ節,",Quercus sect. Quercus
"木材,ウルシ,",Toxicodendron vernicifluum
"その他,繊維,",
"種実,アカガシ亜属,果皮",Quercus subgenus Cyclobalanopsis
"種実,オオムギ・コムギ,","Hordeum vulgare, Triticum sp."
"土器付着物,屈曲部上位外",
"土器付着物,煤,胴外，底部外面",
"漆,胴内，底部内面",
"木材，ウイグルマッチング，柱材,外から1-5層",
"木材，ウイグルマッチング，柱材,外から16-20層",
"木材，ウイグルマッチング，柱材,外から31-35層",
"木材，ウイグルマッチング，柱材,外から46-50層",
"木材，ウイグルマッチング，柱材,外から61-65層",
"木材，ウイグルマッチング，柱材,外から76-80層",
"木材，ウイグルマッチング，柱材,外から91-95層",
"木材，ウイグルマッチング，柱材,外から106-110層",
"木材，ウイグルマッチング，柱材,外から121-125層",
"漆,胴内・胴外",
"炭化材,外から1年目",
"炭化材,外から11年目",
"炭化材,外から21年目",
"炭化材,外から21年輪",
"炭化材,外から31年目",
"炭化材,外から31年輪",
"炭化材,外から35年目",
"土器付着物,焦,口内外",
"種実,シイ,",Castanopsis sp.
"土器付着物,焦,口縁内、胴内",
"土器付着物,焦，吹,胴内外",
"漆,漆膜,口縁外・口縁内",
"木材,木胎",
"炭化材,針葉樹,",Coniferae
"炭化材,樹幹材,",
"土器付着物,口縁突帯下部",
"土器付着物,胎土食込炭化物,内面",
"木材,クリ？,",Castanea crenata
"土器付着物,埋甕",
"種実,トチ,",Aesculus turbinata
"土器付着物,胴外，胴内",
"漆,胴下部",
"漆,黒漆？,口縁外",
"炭化材,コナラ属コナラ亜属コナラ節,",Quercus subgen. Quercus
"漆,生漆,胴内",
"炭化材,クリ,最外",Castanea crenata
"炭化材,クリ,11年目",Castanea crenata
"炭化材,クリ,21年目",Castanea crenata
"炭化材,クリ,31年目",Castanea crenata
"炭化材,ブナ科コナラ属,",Quercus sp.
"漆,漆片,胴外・胴内",
"土器付着物,焦（アスファルト？）,胴内",
"炭化材,コナラ属,",Quercus sp.
"炭化材,クヌギ属?,",Quercus sp.
"土器付着物,口胴外",
"漆,漆片,",
"その他,",
"種実,ソバ,",Fagopyrum esculentum
"土器付着物,焦,胴下内面",
"種実,堅果？,子実","Plantae (seed, fruit)"
"その他,土壌,",
"種実,クルミ,核",Juglans sp.
"漆,漆？,胴外",
"漆,漆？,胴内",
漆漆？胴外,
土器付着物煤口縁外,
土器付着物焦胴内,
土器付着物焦底部内面,
土器付着物焦胴内下,
炭化材,
炭化材散孔材,
炭化材環孔材,
土器付着物吹胴外,
土器付着物焦口縁内,
土器付着物吹口縁外・胴外,
土器付着物煤胴外,
土器付着物焦胴内，底部内面,
炉址内採集土,
炭化材(コナラ属クヌギ),"Quercus sp., Quercus acutissima"
炭化材(ハンノキ属ハンノキ亜属),Alnus sp. subgenus Alnus
炭化種実(イネ),Oryza sativa
炭化材(ハンノキ亜属),Alnus sp. subgenus Alnus
貝類,Mollusca
貝,Mollusca
炭化材(クリ),Castanea crenata
クルミ核片,Juglans sp.
草木泥炭,
木本泥炭,
木材(コナラ属),Quercus sp.
炭化物,
炭化材(イネ科タケ亜科),Bambusoideae
生木(クリ),Castanea crenata
オニグルミ,Juglans mandshurica
炭化材（エノキ属）,Celtis sp.
不明,
炭化木(マツ),Pinus sp.
炭化木(ブナ？),Fagus crenata
土器付着炭化物,
ワラ状炭化物,Plantae (stem)
木炭,
人骨,Homo sapiens
炭化穀類(イネ),Oryza sativa
炭化材(コナラ),Quercus serrata
貝(ハマグリ),Meretrix lusoria
炭化物(サクラ属),Cerasus sp.
炭化丸木材(クヌギ・コナラ),"Quercus acutissima, Quercus serrata"
丸木舟1号(ヒノキ属),Chamaecyparis sp.
丸木舟2号(ヒノキ属),Chamaecyparis sp.
貝(イワガキ),Crassostrea nippona
土器付着物・外面,
炭化材(クヌギ節:2年輪),Quercus section Cerris [acutissima]
炭化材(クヌギ節:1年輪),Quercus section Cerris [acutissima]
炭化材(クヌギ節:4年輪),Quercus section Cerris [acutissima]
炭化材(散孔材:5年輪),
炭化材(クヌギ節:3年輪),Quercus section Cerris [acutissima]
自然木(サクラ属),Cerasus sp.
自然木(スダジイ),Castanopsis sieboldii subsp. sieboldii
板材(ハンノキ亜属),Alnus sp. subgenus Alnus
ローム試料,
オニグルミ核,Juglans mandshurica
炭,
シカの歯,Cervidae
骨(シカ？),Cervus sp.
泥炭,
樹木片,
炭化材(コナラ属クヌギ節),Quercus section Cerris [acutissima]
生材(樹皮の内側1年輪目(1年輪分)) 最外年輪 ケヤキ,Zelkova serrata
生材(外から11年輪目(1年輪分)) ケヤキ,Zelkova serrata
生材(外から21年輪目(1年輪分)) ケヤキ,Zelkova serrata
生材(外から1年〜5年輪目の5年分(中心は3年輪目)) 最外部年輪 モミ属,Abies sp.
生材(外から11年〜15年輪目の5年分(中心は13年輪目)) モミ属,Abies sp.
生材(外から21年〜25年輪目の5年分(中心は23年輪目)) モミ属,Abies sp.
生材(外から31年〜35年輪目の5年分(中心は33年輪目)) モミ属,Abies sp.
生材(外から41年〜45年輪目の5年分(中心は43年輪目)) モミ属,Abies sp.
生材(樹皮の内側1年目(1年輪)) 最外年輪 モミ属,Abies sp.
腐植質土壌,
木(トウヒ属),Picea sp.
腐植質堆積物,
炭化種子,Plantae (seed)
歯(ヒト臼歯),Homo sapiens
クリ,Castanea crenata
トチノキ,Aesculus turbinata
木材(コナラ属コナラ亜属),Quercus subgen. Quercus
炭化物(樹木片),
炭化材(コナラ属コナラ亜属クヌギ節),Quercus section Cerris [acutissima]
炭化材(タラノキ),Aralia elata
炭化材(カヤ),Torreya nucifera
木片(クリ),Castanea crenata
木片(カエデ属),Acer sp.
木片(ムクノキ),Aphananthe aspera
木片(コナラ属コナラ亜属クヌギ節),Quercus section Cerris [acutissima]
木の実(トチ),Aesculus turbinata
木の実(クルミ),Juglans sp.
材(コナラ節),Quercus sect. Quercus
生木(モミ属),Abies sp.
流木片,
貝殻(ヤマトシジミ),Corbicula japonica 
炭化米(イネ胚乳),Oryza sativa
土壌,
炭化材(ヤマグワ),Morus australis
独木舟(ニレ属),Ulmus sp.
炭化物(クリ),Castanea crenata
土(根少量混入),
木材(トウヒ属),Picea sp.
炭化材(コナラ属コナラ亜属コナラ節),Quercus subgen. Quercus
木片,
炭化材(ヌルデ),Brucea javanica
炭化材(広葉樹),Angliosperms
炭化材(コナラ属アカガシ亜属),Quercus subgenus Cyclobalanopsis
木片(モミ属),Abies sp.
人骨 左上顎切歯歯根部,Homo sapiens
人骨 左大腿骨,Homo sapiens
人骨 骨盤,Homo sapiens
人骨 尺骨,Homo sapiens
人骨 頸骨,Homo sapiens
人骨 臼歯,Homo sapiens
炭化材(トチノキ),Aesculus turbinata
炭化植物遺体(タケ),Bambusoideae
炭化物(コナラ属クヌギ節),Quercus section Cerris [acutissima]
肋骨,Animalia (bone)
右大腿骨,Animalia (bone)
左側頭骨,Animalia (bone)
木材(マツ属複維管束亜属),Pinus subgenus. Pinus
木材(イヌガヤ),Cephalotaxus harringtonia
木材,
炭化米,Oryza sativa
丸太杭,
杭,
炭化物(コナラ属コナラ節),Quercus sect. Quercus
材化石,
泥炭質土壌,
炭化物(ヤナギ属),Salix sp.
腐食質土壌,
粘土,
炭化材(クヌギ節),Quercus section Cerris [acutissima]
木片(タケ亜科),Bambusoideae
木材(クリ),Castanea crenata
構築材(クリ),Castanea crenata
構築材(ガマズミ属),Viburnum sp.
材(クリ樹幹),Castanea crenata
自然木(コナラ節),Quercus sect. Quercus
自然木(トウヒ節),Picea sp. (Picea jezoensis section )
自然木,
割り木,
炭化種子(トチノキ),Aesculus turbinata
木材(ヒノキ),Chamaecyparis obtusa
木材(コナラ属クヌギ節),Quercus section Cerris [acutissima]
腐植,
黒色粘土質シルト,
木片(コナラ節),Quercus sect. Quercus
黒色帯土壌,
種実(オニグルミ核),Juglans mandshurica
木片(オニグルミ),Juglans mandshurica
黒泥,
木本質泥炭,
容器付着物,
炭化材(トウヒ属？の一種),Picea sp.
炭化材(ケンポナシ),Hovenia dulcis
炭化子葉(クヌギ近似類),Quercus acutissima
炭化材(ケヤキ),Zelkova serrata
樹木(コナラ属コナラ節),Quercus sect. Quercus
炭化物(マツ属),Pinus sp.
炭化物(トウヒ属カラマツ),"Picea sp., Larix kaempferi"
有機物,
生材(サクラ属) 樹皮側,Cerasus sp.
生材(サクラ属),Cerasus sp.
生材(サクラ属)樹芯側,Cerasus sp.
生材(クリ),Castanea crenata
生材(クワ属),Morus sp.
生試料・植物遺体 草本植物,Plantae (herbaceous)
生試料・植物遺体 タケ亜科,Bambusoideae
生試料･植物遺体 麻茎,Cannabis sativa
四肢骨片(ウシ）,Bos taurus
腐植層,
生材試料(オニグルミ),Juglans mandshurica
土器付着物・内面(おこげ),
炭化植物遺体･草本？,Plantae (herbaceous)
炭化植物遺体(草本),Plantae (herbaceous)
方解石,
炭化材(キハダ),Phellodendron amurense
炭化材(カエデ属),Acer sp.
貝(タマキガイ),Glycymeris aspersa
有機質堆積物,
牛歯,Bos taurus
生材(コナラ亜属),Quercus subgen. Quercus
植物遺体(草本類茎),Plantae (herbaceous)
種実(モモ核),Prunus persica
生材(コナラ属クヌギ節),Quercus section Cerris [acutissima]
炭化材(クリ) 2年輪,Castanea crenata
炭化材(タケ亜科),Bambusoideae
炭化材(ヒノキ科),Cupressaceae
木片(フジ),Wisteria floribunda
木片(クワ属),Morus sp.
トチノキ種子,Aesculus turbinata
生材(ブナ属),Fagus sp.
生の種実(ヒョウタン果皮),Lagenaria siceraria (var. gourda Makino)
生材(カラマツ),Larix kaempferi
腐食質砂層,
炭化核(オニグルミ),Juglans mandshurica
炭化材(クリ）,Castanea crenata
炭化材(スギ) 1-5年輪,Cryptomeria japonica
炭化材(スギ) 11-15年輪,Cryptomeria japonica
炭化材(スギ) 21-24年輪,Cryptomeria japonica
土器付着物（煤類）,
炭化材（クヌギ節）,Quercus section Cerris [acutissima]
炭化材（コナラ節）,Quercus sect. Quercus
炭化種実（コムギ胚乳）,Triticum sp.
種子(籾),Oryza sativa
炭化種子(クリ),Castanea crenata
木片(クリ）,Castanea crenata
材,
種実遺体(ムクロジ),Sapindus mukorossi
種実遺体（カヤツリグサ）,Cyperus microiria or Cyperus sp.
草本,Plantae (herbaceous)
黒色有機質粘土,
土器付着物･内面（おこげ）,
炭化材（ハンノキ亜属）,Alnus sp. subgenus Alnus
木材(クリ）,Castanea crenata
木材(ヤナギ属),Salix sp.
木材(ケヤキ),Zelkova serrata
黒色土壌,
炭化材(クスノキ科),Lauraceae
炭化材(ニレ属),Ulmus sp.
炭化材(コナラ属コナラ節),Quercus sect. Quercus
炭化材(コナラ節),Quercus sect. Quercus
炭化植物遺体(草本植物),Plantae (herbaceous)
黒色土,
灰色砂質シルト,
炭化種子(ヒエあるいはアワ),"Echinochloa esculenta, Setaria italica"
植物片(トネリコ属),Fraxinus sp.
炭化材(環孔材),
炭化物(イネ科),Poaceae
炭化種子(オニグルミ),Juglans mandshurica
マガキ,Crassostrea gigas
ヤマトシジミ,Corbicula japonica 
生種実(ツクバネガシ果実),Quercus sessilifolia
生木(コナラ属コナラ亜属コナラ節),Quercus subgen. Quercus
生木(カヤ),Torreya nucifera
炭化材(サクラ属),Cerasus sp.
炭化材(コナラ亜属クヌギ節),"Quercus subgen. Quercus, Quercus section Cerris [acutissima]"
炭化イネ胚乳,Oryza sativa
生試料･材,
炭化材(エノキ属),Celtis sp.
土器付着物,
ハマグリ,Meretrix lusoria
漆器の塗膜,
炭化果実(エゴマ),Perilla frutescens var. frutescens
植物遺体,
材(クマシデ属),Carpinus sp.
草本質泥炭,Plantae (herbaceous)
炭化材(エゴノキ属),Styrax sp.
炭化材(広葉樹･環孔材),Angliosperms
土壌(暗黒色土),
生漆片,
生材(コナラ節),Quercus sect. Quercus
生材,
泥炭(木本質),
生材(枝),
有機質片,
土壌(腐植質シルト),
土壌(腐植土),
plant material,
organic sediment,
炭化材(クワ属),Morus sp.
炭化材(イボタノキ属),Ligustrum sp.
生材(クヌギ節),Quercus section Cerris [acutissima]
木炭(コナラ属コナラ亜属クヌギ節),Quercus section Cerris [acutissima]
木炭(エノキ属),Celtis sp.
木炭(クリ),Castanea crenata
材片,
黒色シルト質粘土,
灰褐色粘土質シルト,
貝試料,Mollusca
灰色粘土質シルト,
貝柄(ハナグモリ),Glauconome chinensis
クヌギ,Quercus acutissima
ナラ類,Quercus sp.
イヌガヤ,Cephalotaxus harringtonia
カシ類,Quercus sp.
トネリコ類,
イヌエンジュ,Maackia amurensis
キハダ,Phellodendron amurense
マツ類,Pinus sp.
ハンノキ類,Alnus japonica
サクラ類,Prunus / Cerasus sp. / subgenus Cerasus
ヤナギ類,Salix sp.
ナラ,Quercoideae (Quercus / Castanopsis / Lithocarpus / Cyclobalanopsis)
NA,
ヤマグワ,Morus australis
ヌルデ,Brucea javanica
炭化稈(タケ亜科),Bambusoideae
炭化種実(イネ籾),Oryza sativa
炭化材(アサダ),Ostrya japonica
生木,
生木(エノキ属),Celtis sp.
スダジイ,Castanopsis sieboldii subsp. sieboldii
ムクロジ,Sapindus mukorossi
木片(サクラ属),Cerasus sp.
木片(イチイガシ),Quercus gilva
木片(スダジイ),Castanopsis sieboldii subsp. sieboldii
木材(トネリコ属),Fraxinus sp.
木材(広葉樹･環孔材),Angliosperms
泥流,
貝殻(シジミ属),Corbiculidae spp.
二枚貝(ヤマトシジミ),Corbicula japonica 
炭化材(ニガキ),Picrasma quassioides
材密集部材,
泥炭質シルト,
木材(ヒノキ科),Cupressaceae
アワビ,Haliotis 
シルト質粘土,
粘土質シルト,
泥炭質粘土,
炭化材(サクラ属､ケヤキ、タケ類),"Cerasus sp., Zelkova serrata"
砂質粘土〜粘土質砂層の材片など植物遺体の多い部分,
炭化材(アカガシ亜属),Quercus subgenus Cyclobalanopsis
炭化材(針葉樹),Coniferae
木(ムクノキ),Aphananthe aspera
木(広葉樹),Angliosperms
土,
木(クリ),Castanea crenata
"木材片,炭化材片",
貝(アサリ）,Lajonkairia lajonkairii
炭化材(クリ類似種),Castanea crenata
炭化材(カエデ属の一種),Acer sp.
炭化物(トネリコ属),Fraxinus sp.
貝類(アカニシ),Rapana venosa
貝類(アサリ),Lajonkairia lajonkairii
種子,Plantae (seed)
イネ炭化種子,Oryza sativa
炭化材(クリ･タケ亜科),"Castanea crenata, Bambusoideae"
炭化種実(モモ炭化核),Prunus persica
人骨片(部位不明),Homo sapiens
炭化材(コナラ亜属コナラ節),"Quercus subgen. Quercus, Quercus sect. Quercus"
炭化紐,
炭化種実(ヒシ属果実破片1点),Trapa sp.
炭化種実(オニグルミ核破片1点),Juglans mandshurica
土器付着物･内面(クルミ属核破片),Juglans sp.
炭化材片,
生試料･種実(オニグルミ核),Juglans mandshurica
生試料･材(タケ亜科),Bambusoideae
生試料･種実(オニビシ果実),Trapa natans
生試料(タケ亜科),Bambusoideae
塗膜,
生試料･その他(繊維),
生材(ヤナギ属樹皮),Salix sp.
生試料･種実(クリ果実),Castanea crenata
生試料･種実(トチノキ種子),Aesculus turbinata
生材(ウルシ),Toxicodendron vernicifluum
生材(ニシキギ属),Euonymus sp.
生材(モミ属),Abies sp.
生試料(植物遺体),
生材(不明),
ハマグリ右殻,Meretrix lusoria
動物骨(シカ中手骨),Cervidae
貝化石(ヤマトシジミ),Corbicula japonica 
炭化物･種実(オニグルミ核),Juglans mandshurica
生木(コナラ属アカガシ亜属),Quercus subgenus Cyclobalanopsis
生木(サクラ),Prunus sp. subgenus Cerasus / Cerasus sp.
生木(ケヤキ),Zelkova serrata
生木(イネ科タケ亜科),Bambusoideae
生木(タケ亜科),Bambusoideae
生木(コナラ属コナラ亜属クヌギ節),Quercus section Cerris [acutissima]
生材(コナラ属アカガシ亜属),Quercus subgenus Cyclobalanopsis
生材(ツブラジイ),Castanopsis cuspidata
炭化材(イチイガシ),Quercus gilva
炭化材(アマネザサ等),Pleioblastus chino
炭化材 (ツブラジイ),Castanopsis cuspidata
炭化材(ヒノキ),Chamaecyparis obtusa
貝(アカニシ),Rapana venosa
貝(マガキ),Crassostrea gigas
鉄滓,
炭化植物(イネ科),Poaceae
生材(コナラ属コナラ節),Quercus sect. Quercus
貝化石(ハイガイ),Tegillarca granosa
生材(イヌガヤ),Cephalotaxus harringtonia
生試料･材(クリ),Castanea crenata
生材(カマツカ),Photinia villosa
炭化種子(ブドウ属),Vitis sp.
炭(エノキ属),Celtis sp.
炭(コナラ属コナラ亜属クヌギ節),Quercus section Cerris [acutissima]
木炭(コナラ属コナラ亜属コナラ節),Quercus subgen. Quercus
カワニナ,Semisulcospira libertina
自然木(ハンノキ属ハンノキ節),Alnus sp. subgenus Alnus
木材(コナラ属コナラ亜属コナラ節),Quercus subgen. Quercus
炭化種子(オニグルミ核),Juglans mandshurica
貝殻(ハマグリ),Meretrix lusoria
貝殻(キサゴ),Umbonium costatum
土壌 灰･炭(フミン),
土壌 灰･炭(フミン酸),
小枝材,
種子(シイ種実),Castanopsis sp.
生試料･植物遺体(葉など-タブノキ),Machilus thunbergii
木炭片,
木炭(クヌギ節),Quercus section Cerris [acutissima]
木炭(ススキ属･タケ亜科),"Miscanthus sp., Bambusoideae"
クリ種実,Castanea crenata
生試料･植物遺体,
炭化材(クリまたはシイノキ属),"Castanea crenata, Castanopsis sp."
炭化材(環孔材広葉樹),
カキ,Diospyros kaki
貝殻(エゾタマキガイ),Glycymeris yessoensnsis
貝殻,Mollusca
イノシシの歯,Sus scrofa
貝化石,Mollusca
スス状炭化物,
木片(トネリコ属),Fraxinus sp.
木材(カヤ),Torreya nucifera
バカガイ,Mactra chinensis
オキシジミ貝殻,Cyclina sinensis
炭化繊維,
ハマグリ貝殻,Crassostrea gigas
炭化材等,
マガキ貝殻,Crassostrea gigas
アサリ貝殻,Lajonkairia lajonkairii
木材(スダジイ),Castanopsis sieboldii subsp. sieboldii
黒色泥炭,
暗褐色砂混じり腐植質シルト,
灰色腐植混じりシルト,
種実(ミズキ核),Cornus controversa
生痕化石(ニオガイモドキ),Penitella gabbii [Zirfaea subconetricta]
貝殻(イボキサゴ),Umbonium moniliferum
貝殻(マガキ),Crassostrea gigas
炭化種実(不明),Plantae (seed)
木本遺体屑,
貝殻(オキシジミ),Cyclina sinensis
炭片,
生材(ヒノキ),Chamaecyparis obtusa
生材(シキミ),Illicium tashiroi (syn. Illicium anisatum)
材(アカガシ亜属),Quercus subgenus Cyclobalanopsis
植物片,
漆,
生漆,
木片(ムクロジ),Sapindus mukorossi
種子(オニグルミ),Juglans mandshurica
土器内面付着炭化物,
木片(クヌギ),Quercus acutissima
木片(ハンノキ亜属),Alnus sp. subgenus Alnus
材(スダジイ),Castanopsis sieboldii subsp. sieboldii
材(クリ),Castanea crenata
腐植質シルト,
塗膜片,
イチイガシ子葉,Quercus gilva
炭化材(コナラ亜属),Quercus subgen. Quercus
炭化材(トウヒ属バラモミ節の一種),"Picea sp., Picea sp. (Picea torano section)"
炭化材(広葉樹散孔材),Angliosperms
カヤ状炭化物,Torreya nucifera
貝(アサリ),Lajonkairia lajonkairii
木炭粒,Plantae (seed)
炭化材(コナラ属),Quercus sp.
貝(カガミガイ),Dosinia [Phacosoma] japonicum
貝(オオノガイ),Mya arenaria
ハンノキ果実 果実鱗片,Alnus japonica
ハンノキ果実、イヌシデ果実、アサダ果実,"Alnus japonica, Carpinus tschonoskii, Ostrya japonica"
ハンノキ果実鱗片,Alnus japonica
イヌガヤ種子,Cephalotaxus harringtonia
コナラ属アカガシ亜属果実,"Quercus sp., Quercus subgenus Cyclobalanopsis"
種子(ホタルイ-カンガレイ),"Schoenoplectiella hotarui, Schoenoplectiella mucronata"
種子(クサギ),Clerodendrum trichotomum
鱗片(ハンノキ),Alnus japonica
種子(トチノキ),Aesculus turbinata
泥炭または泥炭質粘土,
貝(ハマグリ左),Meretrix lusoria
貝(ハマグリ右),Meretrix lusoria
シルト,
ナミマガシワ･カガミガイ他,"Anomia chinensis, Dosinia [Phacosoma] japonicum"
イノシシ 右第二後臼歯,Sus scrofa
イノシシ 右第三後臼歯,Sus scrofa
イノシシ 右下顎骨･第三後臼歯,Sus scrofa
貝(ナミマガシワガイ),Anomia chinensis
貝(海洋性:サルボウ),Anadara kagoshimensis
生の植物遺体 (草本?),Plantae (herbaceous)
有機質粘土,
生木3点(コナラ節･クリ･トチノキ),"Quercus sect. Quercus, Castanea crenata, Aesculus turbinata"
種実2点(オニグルミ核),Juglans mandshurica
黒ボク土,
黒シルト質粘土,
褐灰色粘土,
木炭(コナラ属?）,Quercus sp.
炭化材(トネリコ属),Fraxinus sp.
貝(カキ),Diospyros kaki
砂質シルト,
炭化材(ヒノキ属),Chamaecyparis sp.
木材(ヒノキ属),Chamaecyparis sp.
木材(広葉樹),Angliosperms
木材(カエデ属),Acer sp.
木材(クヌギ節),Quercus section Cerris [acutissima]
炭化材(オニグルミ),Juglans mandshurica
炭化材(広葉樹節),Angliosperms
炭化種実(オニグルミ核),Juglans mandshurica
炭化材(カラマツまたはトウヒ属),"Larix kaempferi, Picea sp."
炭化材(コナラ属コナラ亜属クヌギ節･クリ),"Quercus sp., Quercus subgen. Quercus, Quercus section Cerris [acutissima], Castanea crenata"
種実(トチノキ種子),Aesculus turbinata
種実(ナラガシワ果実),Quercus aliena
種実(ササゲ属炭化種子),Vigna sp.
第5号トチ塚 S10,Aesculus turbinata
木材(ニレ属),Ulmus sp.
木材(ヤマグワ),Morus australis
木材(コナラ節),Quercus sect. Quercus
木材(キハダ),Phellodendron amurense
漆皮膜,
木材(ウルシ),Toxicodendron vernicifluum
土器付着物 胴外,
土器付着物 口縁外,
"土器付着物 口縁外,胴外",
"土器付着物 口縁外,胴内",
土器付着物 口縁内,
土器付着物 胴内,
木材 ウルシ,Toxicodendron vernicifluum
種実(アカガシ亜属),Quercus subgenus Cyclobalanopsis
自然木(モミsp),Abies firma
丸木杭(チドリノキ),Acer carpinifolium
柱(カヤ),Torreya nucifera
加工材(モモ),Prunus persica
丸木杭(クロモジ属),Lindera sp.
丸木杭(エゴノキ属),Styrax sp.
先端加工材(イヌガヤ),Cephalotaxus harringtonia
両端加工材(ムラサキシキブ属),Callicarpa sp.
両端加工材(ヌルデ),Brucea javanica
構造部材(カヤ),Torreya nucifera
ヒョウタン果実,Lagenaria siceraria (var. gourda Makino)
杭(タケ亜科),Bambusoideae
丸木杭(モモ),Prunus persica
先端加工材(ウメ),Prunus mume
丸木杭(クリ),Castanea crenata
丸木杭(ヌルデ),Brucea javanica
丸木杭(ヤナギ属),Salix sp.
炭化材(コナラ属コナラ亜属),Quercus subgen. Quercus
土壌・炭化物,
木材(ハンノキ属ハンノキ亜属),Alnus sp. subgenus Alnus
ホタルイ属果実,Schoenoplectiella sp.
タケ亜科稈,Bambusoideae
ミクリ属果実,Sparganium sp.
ハンノキ属鱗片,Alnus sp.
コナラ殻斗,Quercus serrata
ブドウ属種子,Vitis sp.
種実(不明),Plantae (seed)
種実(エゴノキ核),Styrax japonicus
木材樹皮(広葉樹),Angliosperms
木材(コナラ属コナラ節),Quercus sect. Quercus
木材(ムクノキ),Aphananthe aspera
木材(トネリコ属シオジ節),"Fraxinus sp., Fraxininae (Section Melioides sensu lato)"
マクワ･シロウリ型種子,"Cucumis melo Makuwa Group, Cucumis melo var. utilissimus"
ハンノキ属果鱗,Alnus sp.
ハンノキ属果序,Alnus sp.
自然材(ハンノキ亜属),Alnus sp. subgenus Alnus
自然材(コナラ節),Quercus sect. Quercus
加工材(クヌギ節),Quercus section Cerris [acutissima]
炭化物を含む土壌,
炭化材(クマシデ属イヌシデ節),"Carpinus sp., Carpinus tschonoskii section"
貝殻(微小二枚貝),Carditella iejimensis
炭化物･材,
炭化材(広葉樹?),
クリ材,Castanea crenata
有機質泥,
草本泥炭,Plantae (herbaceous)
有機質土壌,
植物遺体混じり有機質土壌,
炭化物混じり有機質土壌,
材化石(コナラ属コナラ亜属コナラ節),Quercus subgen. Quercus
木材(ヒノキ属の一種),Chamaecyparis sp.
ひょうたんの皮,Lagenaria siceraria var. gourda
炭化材(マツ属複維管束亜属の一種),"Pinus sp., Pinus subgenus Pinus (diploxylon pines)"
布?土壌?,
材(散孔材･広葉樹),Angliosperms
材(環孔材),
木炭(バラ科ナシ亜科),Pyroideae / Maloidaceae
炭化種実(アズキ類種子),Vigna angularis
炭化種実(ミズキ核),Cornus controversa
炭化種実(イネ胚乳),Oryza sativa
生木(マツ属複維管束亜属),Pinus subgenus. Pinus
腐植酸,
腐植酸を抽出分離した残渣,
炭化物片,
炭化材(クマシデ属),Carpinus sp.
貝殻(ハイガイ),Tegillarca granosa
炭化種子(イネ),Oryza sativa
炭化種子(オオムギ),Hordeum vulgare
炭化種子(コムギ),Triticum sp.
炭化種子(クルミ),Juglans sp.
炭化物(ヤマグワ),Morus australis
炭化物(コナラ属コナラ亜属クヌギ節),Quercus section Cerris [acutissima]
有機質砂質シルト,
生材(樹種不明),
炭化材(クリ?),Castanea crenata
炭化物(草本?),Plantae (herbaceous)
炭化材(マツ属複維管束亜属),Pinus subgenus. Pinus
炭化材(ニワトコ),Sambucus sieboldiana
貝化石(カガミガイ),Dosinia [Phacosoma] japonicum
炭化材(スギ),Cryptomeria japonica
炭化植物片(タケ･ササ類),"Bambusoideae, Sasa sp."
植物片(タケ亜科),Bambusoideae
炭化物(マツ属複維管束亜属),Pinus subgenus. Pinus
土壌(未分解草本質泥炭),
漆器(ブナ属),Fagus sp.
木材(コナラ属コナラ亜属クヌギ節),Quercus section Cerris [acutissima]
生試料･種実(コナラ殻斗),Quercus serrata
生試料･材(トネリコ属),Fraxinus sp.
自然木(モモ),Prunus persica
貝殻片,Mollusca
木材(マツ属単維管束亜属),Pinus subgenus Strobus
木材(モミ属),Abies sp.
木材(針葉樹･スギ?),"Coniferae, Cryptomeria japonica?"
炭化物(菌核?),
炭化材(広葉樹環孔材?),Angliosperms
腐植質粘土,
植物遺体まじり砂,
泥炭及び腐植質シルト,
炭化材(ムクロジ),Sapindus mukorossi
炭化材(モミ属),Abies sp.
木材(ウメ),Prunus mume
黒泥状粘土,
木材遺体(モクレン属),Magnolia sp.
木本質泥炭〜草本質泥炭,Plantae (herbaceous)
木材(ハンノキ属),Alnus sp.
木材(ムラサキシキブ属),Callicarpa sp.
炭化材(モモ),Prunus persica
炭化種実(トチノキ),Aesculus turbinata
炭化材(クサギ),Clerodendrum trichotomum
炭化材(ケンポナシ属),Hovenia sp.
土器付着物 樹脂?,
土器付着物 漆,
炭化物(クルミ殻),Juglans sp.
炭化材(散孔材),
木材と泥炭,
炭質物含有砂,
貝(ヤマトシジミ),Corbicula japonica 
貝(キサゴ),Umbonium costatum
砂質泥炭,
根,Plantae (root)
木(トネリコ属),Fraxinus sp.
木(ケヤキ),Zelkova serrata
木(カエデ属),Acer sp.
木(コナラ属コナラ亜属クヌギ節),Quercus section Cerris [acutissima]
人骨(右大腿骨),Homo sapiens
炭化材(ガマズミ属),Viburnum sp.
炭化物(食物残渣),
オオノガイ,Mya arenaria
材(ニレ属),Ulmus sp.
木材(ケンポナシ属),Hovenia sp.
木材(広葉樹環孔材),Angliosperms
木材(コナラ亜属),Quercus subgen. Quercus
アサリ,Lajonkairia lajonkairii
ハマグリ･カキ,"Meretrix lusoria, Ostreoidea"
サメ椎体,Selachimorpha (sharks)
常緑広葉樹 葉片および木材化石,Angliosperms
生材(アサダ),Ostrya japonica
生材(トチノキ),Aesculus turbinata
生材(エノキ属),Celtis sp.
土器付着物 炭化物,
土器付着物 有機物(胎土混じり),
木炭(シキミ),Illicium tashiroi (syn. Illicium anisatum)
材(ハンノキ属ハンノキ亜属),Alnus sp. subgenus Alnus
種子(オニグルミ核),Juglans mandshurica
材(コナラ属コナラ亜属コナラ節),Quercus subgen. Quercus
炭化材(トネリコ属シオジ節),"Fraxinus sp., Fraxininae (Section Melioides sensu lato)"
炭化材(ハンノキ属),Alnus sp.
木材(ハンノキ亜属),Alnus sp. subgenus Alnus
炭化物(土壌混じり),
貝殻(ハマグリ) 左殻,Meretrix lusoria
炭化材(クヌギ･コナラ?),"Quercus acutissima, Quercus serrata"
炭化材(クヌギ･コナラ),"Quercus acutissima, Quercus serrata"
土器付着物(お焦げ),
木材(ゴヨウマツ),Pinus parviflora
植物遺体を含む粘土,
木材(アカガシ亜属),Quercus subgenus Cyclobalanopsis
炭化種実(イネ炭化種子),Oryza sativa
炭化材(コナラ属アカガシ亜属?),Quercus subgenus Cyclobalanopsis
炭化種実(ダイズ),Glycine max
炭化葉(ウシクサ族),Schizachyrium (tribe)
クルミ殻,Juglans sp.
木材(コナラ亜属クヌギ節),"Quercus subgen. Quercus, Quercus section Cerris [acutissima]"
炭化種実(オニグルミ),Juglans mandshurica
炭化種実(クリ),Castanea crenata
丸木材,
木材(イヌエンジュ),Maackia amurensis
材(コナラ属コナラ亜属クヌギ節),Quercus section Cerris [acutissima]
カガミガイ,Dosinia [Phacosoma] japonicum
材(カラマツ／トウヒ),"Larix kaempferi, Picea jezoensis var. hondoensis"
材(カラマツ),Larix kaempferi
材(ハリグワ),Maclura tricuspidata
材(マツ属の一種),Pinus sp.
材(イヌガヤ),Cephalotaxus harringtonia
材(マツ科の一種),Pinaceae
材(広葉樹 環孔材),Angliosperms
材(ヤナギ属の一種),Salix sp.
材(ヒノキ属の一種),Chamaecyparis sp.
材(ケンポナシ),Hovenia dulcis
クルミ,Juglans sp.
有機質土,
炭化材(オニグルミ･クリ),"Juglans mandshurica, Castanea crenata"
炭化材(樹皮),
炭化材(トウヒ属またはカラマツ属),"Picea sp., Larix sp."
木材(ハンノキ節),Alnus sp. subgenus Alnus
全腐植,
フルボ酸,
非加水分解性腐植,
炭化材(シラキ),Neoshirakia japonica
炭化物(イチイ),Taxus cuspidata​
枝,
イノシシ中足骨,Sus scrofa
イヌガヤ?種子,Cephalotaxus harringtonia
種子/果実,"Plantae (seed, fruit)"
ヒシ種子,Trapa japonica (Trapa natans var. bispinosa)
材(枝),
イガイ,Mytilus unguiculatus
ケヤキ,Zelkova serrata
コナラ属,Quercus sp.
炭化物(モミ属),Abies sp.
生試料･その他,
炭化材(イネ科),Poaceae
炭化材(ムクノキ),Aphananthe aspera
木片(スギ),Cryptomeria japonica
木片(ヤナギ属),Salix sp.
木片(カヤ),Torreya nucifera
果実(ヒョウタン皮),Lagenaria siceraria (var. gourda Makino)
竹笹類?,Bambusoideae
竹笹類,Bambusoideae
炭化材(ミズキ属),Cornus sp.
炭化材(キハダ属),Phellodendron sp.
炭化米6粒,Oryza sativa
炭化米8粒,Oryza sativa
炭化物(土塊),
炭化米3粒,Oryza sativa
炭化物(ケヤキ),Zelkova serrata
炭化米4粒,Oryza sativa
炭化材(トガサワラ),Pseudotsuga japonica
木材(トチノキとアカガシ亜属),"Aesculus turbinata, Quercus subgenus Cyclobalanopsis"
炭化材(シイノキ属),Castanopsis sp.
貝(ミガキボラ),Kelletia lischkei
貝(レイシガイ),Reishia luteostoma [Thais bronni]
木葉,Plantae (leaf)
炭化材(カラマツ属orトウヒ属),"Larix sp., Picea sp."
木片(ヒノキ),Chamaecyparis obtusa
自然木(ヤナギ),Salix sp.
生試料･材(ヒノキ),Chamaecyparis obtusa
生試料･材(アカマツ),Pinus densiflora
炭化木片,
炭化材(カキノキ属),Diospyros sp.
木片(クスノキ科),Lauraceae
木片(エノキ属),Celtis sp.
材(マツ属単維管束亜属),Pinus subgenus Strobus
材(モミ属),Abies sp.
炭化物を含むローム,
ユキガイ貝殻,Meropesta nicobarica
乾燥木材,
炭化材(環孔材?),
木材(ハンノキ属ハンノキ亜属?),"Alnus sp., Alnus sp. subgenus Alnus"
種実(クリ果実破片),Castanea crenata
不明植物遺体(数点),
種実(コナラ属コナラ節幼果),"Quercus sp., Quercus serrata"
種実(ハンノキ球果),Alnus japonica
生試料･種実(エゴノキ核),Styrax japonicus
生材(ハンノキ属ハンノキ亜属),Alnus sp. subgenus Alnus
生材(ケヤキ),Zelkova serrata
生材(サカキ),Cleyera japonica
ヒト頭骨側頭骨,Homo sapiens
土器付着木質,
炭化材(シキミ),Illicium tashiroi (syn. Illicium anisatum)
炭化物･種子(イネ),Oryza sativa
モモ核(内果実),Prunus persica
炭化種実(モモ･内果皮),Prunus persica
生材(スギ),Cryptomeria japonica
生材(針葉樹),Coniferae
ブタ第2後臼歯,Sus scrofa domesticus
炭化材(クルミ属),Juglans sp.
炭化材(ブナ科 クリ、シイ属、コナラ属コナラ節のいずれか),"Castanea crenata, Castanopsis sp., Quercus sp., Quercus sect. Quercus"
炭化材(トウヒ属),Picea sp.
種実(ツブラジイ果皮),Castanopsis cuspidata
歯,Animalia (bone)
炭化物(炭化米),Oryza sativa
木片(マツ属複維管束亜属),Pinus subgenus. Pinus
二枚貝,Bivalvia
焼土,
植物,
腐植質土,
材片(バラ属),Rosa sp.
材片(バラ科ナシ亜科),Pyroideae / Maloidaceae
材片(ヒトツバタゴ),Chionanthus retusus
種子(ヒョウタン類の果皮),Lagenaria siceraria (var. gourda Makino)
炭化材(イヌガヤ),Cephalotaxus harringtonia
炭化材(不明),
腐植土壌,
木版,
貝殻(ダンベイキサゴ),Umbonium giganteum
炭化材(クヌギ節の一種),Quercus section Cerris [acutissima]
有機質シルト,
貝殻(カモノアシガキ),Dendostrea paulucciae
キクザルガイ,Chama japonica
流木,
炭化材(イヌシデ節),Carpinus tschonoskii section
炭化種実(トチノキ?炭化種皮),Aesculus turbinata
炭化種実(イネ炭化胚乳),Oryza sativa
炭化材(アオキ),Aucuba japonica
アワ炭化胚乳,Setaria italica
炭化材(サンショウ属),Zanthoxylum sp.
炭化材(ツバキ属),Camellia sp.
堆積物,
炭化米(イネ),Oryza sativa
炭化材(マツ属),Pinus sp.
ピート,
炭化物粒,Plantae (seed)
炭化材(クリ、広葉樹),Castanea crenata
マテガイ,Solen strictus
炭化材(ムラサキシキブ属),Callicarpa sp.
炭化物(ブナ科),Fagaceae
木材(スギ),Cryptomeria japonica
陸生貝(マイマイ),Euhadra​ sp.
炭化材(トウヒ属?）,Picea sp.
木質,
木炭(トネリコ属シオジ節),"Fraxinus sp., Fraxininae (Section Melioides sensu lato)"
炭化物(ワラビ炭化葉柄),Pteridium aquilinum
炭化内果皮(オニグルミ),Juglans mandshurica
炭化材(カバノキ属),Betula sp.
炭化材(ヤマウルシ様環孔材),Toxicodendron trichocarpum
炭化種実(アズキ種子),Vigna angularis
炭化材(ブナ属),Fagus sp.
炭化材(アスナロ，コナラ属コナラ節),"Thujopsis dolabrata, Quercus sect. Quercus"
炭化種実(トチノキ炭化子葉?),Aesculus turbinata
炭化種実(イヌガヤ炭化種子),Cephalotaxus harringtonia
イネモミ,Oryza sativa
生木(アスナロ),Thujopsis dolabrata
ドングリ種実,Quercoideae (Quercus / Castanopsis / Lithocarpus / Cyclobalanopsis)
トチ種実,Aesculus turbinata
トチ種皮,Aesculus turbinata
トチ種子,Aesculus turbinata
種,Plantae (seed)
炭化物(コナラ属アカガシ亜属),Quercus subgenus Cyclobalanopsis
炭化物(カエデ属),Acer sp.
炭化クリ子葉,Castanea crenata
骨(歯；上顎右),Animalia (bone)
骨(歯:下顎左),Animalia (bone)
人骨（下顎歯破片）,Homo sapiens
右腓骨,Animalia (bone)
左上腕骨,Animalia (bone)
上腕骨,Animalia (bone)
腓骨,Animalia (bone)
頭骨,Animalia (bone)
生竹,Bambusoideae
馬骨,Equus caballus
炭化材(ナラ類),Quercus sp.
生木(トウヒ属),Picea sp.
植物繊維(コケ),Bryophyta
炭化粒,Plantae (seed)
植物遺体(根),Plantae (root)
炭化材(マツ属複維官束亜属),"Pinus sp., Pinus subgenus Pinus (diploxylon pines)"
木材(ブナ属),Fagus sp.
炭化草本類,Plantae (herbaceous)
マメ類,Fabaceae
炭化材(ススキ属),Miscanthus sp.
ヒトの歯(上顎右第2乳臼歯),Homo sapiens
種実,Plantae (seed)
炭化材(ヒノキ科アスナロ属),Thujopsis sp.
炭化材(カエデ科カエデ属),Acer sp.
炭化材(モクレン科モクレン属),Magnolia sp.
炭化材(マツ科マツ属),Pinus sp.
炭化材(ブナ科クリ属クリ),"Castanea sp., Castanea crenata"
木片(ブナ科クリ属クリ),"Castanea sp., Castanea crenata"
木片(ブナ科コナラ属コナラ亜属コナラ節),"Quercus sp., Quercus subgen. Quercus, Quercus sect. Quercus"
木片(カエデ科カエデ属),Acer sp.
炭化種実(ブドウ属炭化種子),Vitis sp.
種実(クルミ),Juglans sp.
炭化材(カツラ),Cercidiphyllum japonicum
木片(トチノキ),Aesculus turbinata
炭化物(クルミほか),Juglans sp.
炭化物(クルミ),Juglans sp.
炭化物(クリ･クルミ),"Castanea crenata, Juglans sp."
トチノキ種皮片,Aesculus turbinata
オニグルミ炭化核,Juglans mandshurica
アスファルト?,
オニグルミ炭化核?,Juglans mandshurica
炭化樹皮,
炭化材(ヤナギ属),Salix sp.
炭化植物遺体(稈)(イネ科),Poaceae
炭化種実(クリ炭化子葉),Castanea crenata
単子葉植物茎,"Plantae (Monocotyledon, stem)"
ニワトコ種子,Sambucus sieboldiana
植物遺物,
炭化材(ブナ科ブナ属),Fagus sp.
炭化材(アスナロ),Thujopsis dolabrata
炭化材(モクレン属),Magnolia sp.
トチの実の殻,Aesculus turbinata
木片(アスナロ),Thujopsis dolabrata
木片(ブナ属),Fagus sp.
アスナロ,Thujopsis dolabrata
生試料･その他(樹皮),
生試料･種実(ホオノキ種子),Magnolia obovata
生試料･植物遺体(不明胚珠または花柄),Plantae
生材･自然木(カエデ属),Acer sp.
単子葉植物(イネ科),Poaceae
木材(クワ属),Morus sp.
木材(アスナロ),Thujopsis dolabrata
骨(乳歯:下左),Animalia (bone)
骨(肋骨),Animalia (bone)
骨(長骨),Animalia (bone)
骨(歯:下左),Animalia (bone)
骨,Animalia (bone)
骨(歯:上左),Animalia (bone)
骨(頭蓋骨),Animalia (bone)
生材(トネリコ属トネリコ節),"Fraxinus sp., Fraxininae"
生材(トネリコ属),Fraxinus sp.
生材(ハンノキ亜属),Alnus sp. subgenus Alnus
生材(環孔材),
木材(ハリギリ),Kalopanax septemlobus
木材(サワグルミ),Pterocarya rhoifolia
木材(カツラ),Cercidiphyllum japonicum
木材(ミズキ),Cornus controversa
炭化材(クリ近似種),Castanea crenata
炭化材(ヤナギ科),Salicaceae
ヒメグルミ核,Juglans mandshurica var. cordiformis
炭化材･ヒメグルミ核,Juglans mandshurica var. cordiformis
木材(カラマツ属),Larix sp.
炭化材(ハンノキ節),Alnus sp. subgenus Alnus
炭化オニグルミ内果皮,Juglans mandshurica
炭化種実(クリ果実),Castanea crenata
炭化物(カツラ),Cercidiphyllum japonicum
炭化物(アスナロ),Thujopsis dolabrata
ヒト左下顎第3大臼歯,Homo sapiens
ヒト右上顎第2大臼歯,Homo sapiens
動物骨片,Animalia (bone)
偶蹄類臼歯,Ungulate
陸貝,Mollusca
ウサギ歯,Oryctolagus cuniculus / Leporinae 
臼歯(ナウマンゾウ),Palaeoloxodon naumanni 
絶滅大型シカ脛骨,Cervidae
ヤベオオツノジカ,Sinomegaceros yabei
炭化材(ニシキギ属),Euonymus sp.
炭化材(マツ複維管束亜属),"Pinus sp., Pinus subgenus Pinus (diploxylon pines)"
生材(モクレン属),Magnolia sp.
果実片,Plantae (fruit)
炭化材(散孔材?),
トチノキ種皮,Aesculus turbinata
漆塗膜,
木胎,
漆(木胎部),
炭化材(シナノキ属?),Tilia sp.
漆紙様資料,
生材(ハリグワ),Maclura tricuspidata
生材(アスナロ),Thujopsis dolabrata
炭化種実(コナラ属子葉),Quercus sp.
生種実(オニグルミ核),Juglans mandshurica
生材(カツラ),Cercidiphyllum japonicum
生材(ハンノキ属),Alnus sp.
生の種実(イネ籾殻),Oryza sativa
礫付着炭化物,
炭化種実?,Plantae (seed)
炭化種実(オオムギ),Hordeum vulgare
炭化種実(アワ炭化種子),Setaria italica
イネ科B炭化種子,Oryza sativa
炭化材(マタタビ属),Actinidia sp.
クルミの殻,Juglans sp.
炭化種子(米),Oryza sativa
炭化種子(豆),"Vigna, Glycine, Pisum, Vicia"
木材(マツ複維管束亜属),"Pinus sp., Pinus subgenus Pinus (diploxylon pines)"
堆積土,
炭化材(カラマツ属),Larix sp.
ヒト遊離歯,Homo sapiens
オニグルミ(種子),Juglans mandshurica
クリ(種子),Castanea crenata
ホタテガイ,Mizuhopecten yessoensis
シカ 右大腿骨,Cervidae
イノシシ 右橈骨,Sus scrofa
スズキ,Lateolabrax japonicus
炭化クルミ,Juglans sp.
植物遺体(イネ属),Oryza sp.
トチ,Aesculus turbinata
炭化材(ヒバ),Thujopsis dolabrata
生材(トウヒ属),Picea sp.
生材(ヒバ),Thujopsis dolabrata
炭化材(ハリギリ),Kalopanax septemlobus
骨(ヒト右下歯),Homo sapiens
骨(ヒト歯),Homo sapiens
炭化萱,
生木(モクレン),Magnolia liliiflora
漆器塗膜,
漆液,
炭化材(散孔材の一種),
炭化イネ,Oryza sativa
生木片,
もみがら,Oryza sativa?
生種実(イネ果実),Oryza sativa
木片(キハダ),Phellodendron amurense
イネ炭化胚乳,Oryza sativa
地下茎(クワイ),Sagittaria trifolia var. edulis
炭化種実(クリ子葉),Castanea crenata
土壌(黒褐色砂),
炭化材(ハルニレ),Ulmus davidiana var. japonica
生木(イチイ),Taxus cuspidata​
銹着炭化材(モクレン属),Magnolia sp.
貝(イガイ),Mytilus unguiculatus
炭化材(イヌエンジュ),Maackia amurensis
骨コラーゲン,Animalia (bone)
炭化種実,Plantae (seed)
椎骨(マグロ),Thunus sp.
貝殻(コダマガイ),Macridiscus aequilatera [melanaegis]
種子(コムギ胚乳),Triticum sp.
牛科獣類の臼歯,Bovidae
象の臼歯,Proboscidea
炭化材(スギ?),Cryptomeria japonica
木炭(カバノキ属),Betula sp.
クリ子葉,Castanea crenata
クリ?,Castanea crenata
不明種子,Plantae (seed)
土器付着物(漆塗膜),
炭化材(ウルシ属),Toxicodendron sp.
炭化物(種子?),Plantae (seed)
炭化材(ナナカマド近似種),Sorbus commixta
炭化材(ヤマウルシ),Toxicodendron trichocarpum
炭化材(クリ、マツ属複維管束亜属),"Castanea crenata, Pinus subgenus. Pinus"
木片(ヤマザクラ),Prunus serrulata (syn. Cerasus jamasakura)
木炭(クリ属),Castanea sp.
木炭(モクレン属、クリ属),"Magnolia sp., Castanea sp."
樹木,
炭化材(ナラ),Quercoideae (Quercus / Castanopsis / Lithocarpus / Cyclobalanopsis)
漆膜,
トチノキ果皮,Aesculus turbinata
クルミ果皮,Juglans sp.
土器付着物(アスファルト?),
貝殻(レイシガイ),Reishia luteostoma [Thais bronni]
炭化種子(モモ),Prunus persica
馬歯,Equus caballus
炭化材(マツ属複維管属亜属),"Pinus sp., Pinus subgenus Pinus (diploxylon pines)"
炭化材(エゴノキ属近似種),Styrax sp.
炭化種子(トチノキ種子),Aesculus turbinata
炭化種子(コムギ胚乳),Triticum sp.
炭化種子?,Plantae (seed)
漆器椀(ブナ属),Fagus sp.
木材(モクレン属),Magnolia sp.
木材(マツ属orクリ),"Pinus sp., Castanea crenata"
木片(ケヤキ),Zelkova serrata
木片(シナノキ属),Tilia sp.
炭化栗,Castanea sp.
獣骨(ウマ?),Equus caballus
木片(コナラ属コナラ亜属コナラ節),Quercus subgen. Quercus
米,Oryza sativa
炭化材(トネリコ類),Fraxinus sp.
炭化種子(ドングリ),Quercoideae (Quercus / Castanopsis / Lithocarpus / Cyclobalanopsis)
炭化材(アカマツ),Pinus densiflora
炭化種子(オニグルミ?),Juglans mandshurica
炭化材(ウコギ科),Araliaceae
腐植物,
腐植土,
貝殻(カキ),Diospyros kaki
木片(ケンポナシ属),Hovenia sp.
木材(トチノキ),Aesculus turbinata
木材(マツ),Pinus sp.
木材(ナラ類),Quercus sp.
カキ、コシダカガンガラ、クボガイ,"Ostreoidea, Tegula rustica, Chlorostoma argyrostoma"
カキ、コシダカガンガラ,"Ostreoidea, Tegula rustica"
カキ、クボガイ,"Diospyros kaki, Chlorostoma argyrostoma"
アサリ、カキ,"Lajonkairia lajonkairii, Diospyros kaki"
アサリ、クボガイ,"Lajonkairia lajonkairii, Chlorostoma argyrostoma"
カキ、オキシジミガイ,"Ostreoidea, Cyclina sinensis"
人骨(肋骨),Homo sapiens
ニホンジカ角,Cervus nippon
ニホンジカまたはニホンイノシシ下顎骨下端部,"Cervus nippon, Sus scrofa"
木材(モミ),Abies firma
植物片(葉),Plantae (leaf)
骨片,Animalia (bone)
木片(ハンノキ属ハンノキ節),Alnus sp. subgenus Alnus
木材(アカマツ),Pinus densiflora
樹根,
毬果,Coniferae
球果(トウヒ属バラモミ節),Picea sp. (Picea torano section)
木片(カラマツ属),Larix sp.
木片（オニグルミ）,Juglans mandshurica
木片（ケヤキ）,Zelkova serrata
漆塊,
人骨(頭骨),Homo sapiens
人骨(下腿骨),Homo sapiens
黒鉛,
炭化材 (コナラ属コナラ亜属クヌギ節),Quercus section Cerris [acutissima]
炭化材(マンサク属),Hamamelis sp.
炭化材(シラキ属),Neoshirakia sp.
二枚貝(サビシラトリガイ),Macoma contabulata [contaculata]
二枚貝(オオノガイ),Mya arenaria
イネ,Oryza sativa
ヒエ,Echinochloa esculenta
木材(クロマツ),Pinus thunbergii
木材(オニグルミ),Juglans mandshurica
炭化物(ハンノキ亜属),Alnus sp. subgenus Alnus
炭化物(モクレン属),Magnolia sp.
植物片(ヨシ),Phragmites australis
木材(サクラ属),Cerasus sp.
木材(環孔材),
木材(散孔材),
鉄製品,
木材(イイギリ属),Idesia sp.
有機堆積物,
炭化材(アジサイ属),Hydrangea sp.
炭化材(不明環孔材),
炭化材(ウルシ?),Toxicodendron sp.
炭化材(不明散孔材),
黒色物質,
炭化材(ツツジ属),Rhododendron sp.
植物遺体(イネ),Oryza sativa
植物遺体(木の芽),
炭化材 (スギ),Cryptomeria japonica
炭化材(バラ属),Rosa sp.
生木(ヒノキ科),Cupressaceae
炭化材(キハダ近似種),Phellodendron amurense
炭化物(イネ属),Oryza sp.
生木(スギ),Cryptomeria japonica
生木(ハリギリ),Kalopanax septemlobus
木材(エゴノキ科エゴノキ属),Styrax sp.
炭化材(ヒノキ科、カエデ属),Acer sp.
生木(ヤナギ属),Salix sp.
生木(ヤマグワ)、炭化材(クリ),"Morus australis, Castanea crenata"
生木(ヒノキ属),Chamaecyparis sp.
スギ,Cryptomeria japonica
炭化物(分類群不明果実核),Plantae (fruit)
"炭化材(クリ,ブナ属)","Castanea crenata, Fagus sp."
"炭化材(クリ,カエデ属)","Castanea crenata, Acer sp."
炭化材(ハンノキ属ハンノキ節),Alnus sp. subgenus Alnus
炭化材(ブナ科),Fagaceae
種実遺体(オニグルミ),Juglans mandshurica
炭化材(ブナ属、トネリコ属、カツラ),"Fagus sp., Fraxinus sp., Cercidiphyllum japonicum"
炭化材(ブナ属、クリ、コナラ属コナラ亜属コナラ節),"Fagus sp., Castanea crenata, Quercus subgen. Quercus"
炭化材(カラマツ属またはトウヒ属),"Larix sp., Picea sp."
炭化材(アスナロ属),Thujopsis sp.
生木(ハンノキ属ハンノキ亜属),Alnus sp. subgenus Alnus
生木(アジサイ属),Hydrangea sp.
生木(カエデ属),Acer sp.
炭化材(コナラ属コナラ亜属コナラ節?),"Quercus sp., Quercus subgen. Quercus, Quercus sect. Quercus"
炭化材(散孔材･環孔材),
炭化材(ヤナギ属、モクレン属),"Salix sp., Magnolia sp."
生木(トネリコ属),Fraxinus sp.
炭化種子(クルミ類の核),Juglans sp.
炭化材(アサダ、コナラ節、ケヤキ、カエデ属),"Ostrya japonica, Quercus sect. Quercus, Zelkova serrata, Acer sp."
炭化材(クリ、樹皮),Castanea crenata
炭化材(マツ複維管属亜属),"Pinus sp., Pinus subgenus Pinus (diploxylon pines)"
炭化材(ハンノキ属ヤシャブシ亜属),Alnus sp. subgenus Alnobetula
生木(トチノキ),Aesculus turbinata
炭化材(チドリノキ),Acer carpinifolium
炭化材(アワブキ属),Meliosma sp.
生試料･種実,Plantae (seed)
生試料･草本,Plantae (herbaceous)
生材(キハダ),Phellodendron amurense
生試料･杉皮,Cryptomeria japonica
生試料･種実(オニグルミ),Juglans mandshurica
腐植混じり土壌,
種子核(クルミ),Juglans sp.
草本炭化物(単子葉類),Plantae (herbaceous)
堆積土(貝層),Mollusca
カエデ属,Acer sp.
エノキ,Celtis sinensis
土器付着炭化物(アサ種実),Cannabis sativa
オニグルミ内果皮,Juglans mandshurica
植物遺体(ブナ殻斗),Fagus crenata
木片(マツ属単維管属亜属),"Pinus sp., Pinus subgenus Strobus"
木材(イヌシデ節),Carpinus tschonoskii section
種実遺体(トチノキ),Aesculus turbinata
木材(ガマズミ属),Viburnum sp.
炭化材(イネ科タケ亜科)、炭化種実(不明種実),Bambusoideae
炭化材(クリ、カエデ属),"Castanea crenata, Acer sp."
炭化材(ハンノキ属ハンノキ亜属、クリ),"Alnus sp. subgenus Alnus, Castanea crenata"
炭化材(ヤナギ属、コナラ属コナラ亜属コナラ節、クリ、トネリコ属),"Salix sp., Quercus sp., Quercus subgen. Quercus, Quercus sect. Quercus, Castanea crenata, Fraxinus sp."
炭化種子(アサ),Cannabis sativa
炭化種子(ササゲ属近似種),Vigna sp.
土壌有機物,
炭化種子(トチノキ炭化子葉),Aesculus turbinata
炭化物(草本室茎),Plantae (herbaceous)
木片(ヒノキ科),Cupressaceae
漆塗膜片,
炭化材(モクレン),Magnolia liliiflora
炭化材(オニグルミ近似種),Juglans mandshurica
炭化材(ハコヤナギ属),Populus sp.
炭化種実(イネ胚乳･アワ-ヒエ･マメ類),"Oryza sativa, Setaria italica, Echinochloa esculenta, Fabaceae"
炭化材(ヒサカキ),Eurya japonica
炭化材(クリまたはコナラ節),"Castanea crenata, Quercus sect. Quercus"
炭化材(ナナカマド属),Sorbus sp.
炭化材(クロモジ属),Lindera sp.
生木(散孔材),
炭化材(アサダ、ブナ属、モクレン属、トチノキ),"Ostrya japonica, Fagus sp., Magnolia sp., Aesculus turbinata"
炭化物(タケ亜科),Bambusoideae
炭化種実(トチノキ炭化子葉),Aesculus turbinata
炭化材(ツガ属),Tsuga sp.
炭化種実(イネ穎果),Oryza sativa
炭化材(オニグルミ、カエデ属、ケンポナシ属),"Juglans mandshurica, Acer sp., Hovenia sp."
炭化材(ブナ属、コナラ属コナラ亜属コナラ節),"Fagus sp., Quercus sp., Quercus subgen. Quercus, Quercus sect. Quercus"
炭化材(クリ、ヤマグワ),"Castanea crenata, Morus australis"
炭化材(針葉樹、カエデ属、トネリコ属、環孔材),"Coniferae, Acer sp., Fraxinus sp."
炭化材(オニグルミ、クリ),"Juglans mandshurica, Castanea crenata"
木炭(アサダ),Ostrya japonica
木炭(アスナロ属),Thujopsis sp.
木炭(ハリギリ),Kalopanax septemlobus
木炭(クリ、ハリギリ),"Castanea crenata, Kalopanax septemlobus"
木炭(ヒノキ属),Chamaecyparis sp.
炭化材(オニグルミ、カエデ属、トネリコ属),"Juglans mandshurica, Acer sp., Fraxinus sp."
木材(キハダ属),Phellodendron sp.
炭化材(ヒノキ属、クリ、エゴノキ属),"Chamaecyparis sp., Castanea crenata, Styrax sp."
炭化物(オニグルミ),Juglans mandshurica
炭化材(クリ、散孔材),Castanea crenata
腐植材,
炭化物を含む土,
草本炭化物(草本生単子葉類),Plantae (herbaceous)
炭化材(ネムノキ),Albizia julibrissin
炭化材(コナラ属コナラ亜属コナラ節、ニレ属),"Quercus sp., Quercus subgen. Quercus, Quercus sect. Quercus, Ulmus sp."
生木(樹皮),
炭化材(ネジキ),Lyonia ovalifolia
植物遺体含む粘土,
材化石(トネリコ属),Fraxinus sp.
材化石(マツ複維管束亜属),"Pinus sp., Pinus subgenus Pinus (diploxylon pines)"
炭片(ヤナギ属),Salix sp.
クルミ種子,Juglans sp.
材化石(キハダ),Phellodendron amurense
材化石(クリ),Castanea crenata
クッキー状炭化物,
炭化材(サカキ),Cleyera japonica
種実(トチノキ),Aesculus turbinata
種実(オニグルミ),Juglans mandshurica
生材(ヒノキ科アスナロ属),Thujopsis sp.
生材(カエデ科カエデ属),Acer sp.
生材(クワ科クワ属),Morus sp.
生材(ヤナギ科ヤナギ属),Salix sp.
炭質物,
生種実(スモモ種子),Prunus salicina
木材(ニガキ),Picrasma quassioides
生材(マキ属),Podocarpus sp.
木片(サワグルミ近似種),Pterocarya rhoifolia
生種実,Plantae (seed)
木材(クマヤナギ属),Berchemia sp.
炭化木片など,
木材(ウツギ属),Deutzia sp.
木材(エゴノキ属),Styrax sp.
木材(エノキ属),Celtis sp.
炭化材(タカノツメ),Gamblea innovans
木片(針葉樹),Coniferae
炭化種子混じり泥炭,Plantae (seed)
種子混じり泥炭,Plantae (seed)
生木(ウルシ),Toxicodendron vernicifluum
生木(ニレ属),Ulmus sp.
生木(ハンノキ属),Alnus sp.
炭化材(イネ科タケ亜科の一種),Bambusoideae
木材(針葉樹),Coniferae
植物遺体(イネ科炭化稈),Poaceae
種実(ブナ殻斗),Fagus crenata
種実(オニグルミ内果皮),Juglans mandshurica
種実(トチノキ炭化子葉),Aesculus turbinata
種実(コナラ果実),Quercus serrata
種実(カボチャ近似種種子),Cucurbita sp.
貝(シジミ),Corbiculidae
人骨(大腿骨),Homo sapiens
哺乳類四肢骨骨幹部,Mammalia
種実(ココヤシ内果皮),Cocos nucifera
生材(カエデ属),Acer sp.
種実(アブラチャン),Lindera praecox
陶器付着物(漆の可能性),
土壌(暗褐色砂混じり粘土質),
生材(マツ属),Pinus sp.
生材(マツ属複維管束亜属),Pinus subgenus. Pinus
オリーブ褐色土層,
生材(ヒノキ科),Cupressaceae
生木(モクレン属),Magnolia sp.
種実遺体(イネ),Oryza sativa
炭化植物遺体,
種子(クルミ殻),Juglans sp.
木片(ウルシ科ウルシ属),Toxicodendron sp.
木片(ヒノキ科アスナロ属),Thujopsis sp.
炭化種子(ソバ),Fagopyrum esculentum
炭化種子(カキ),Diospyros kaki
種子(クルミ),Juglans sp.
種子(トチノキ果皮),Aesculus turbinata
種子(トチノキ種皮),Aesculus turbinata
木材(イネ科),Poaceae
ウマ臼歯 上顎歯牙,Equus caballus
ウマ臼歯 左上顎歯牙,Equus caballus
炭化種実(アサ),Cannabis sativa
木材(落葉広葉樹),
種実(イネ),Oryza sativa
炭化材(モクレン属、イネ科タケ亜科),"Magnolia sp., Poaceae, Bambusoideae"
土器付着物 漆?,
炭化種実(クルミ),Juglans sp.
生材(クマシデ属イヌシデ節),"Carpinus sp., Carpinus tschonoskii section"
生材(オニグルミ),Juglans mandshurica
生材(ヤナギ属),Salix sp.
生材(ガマズミ属),Viburnum sp.
炭化材(双子葉植物),
生試料･種実(モモ核),Prunus persica
炭化種実(タデ属炭化果実),Persicaria sp.
種実(コナラ属),Quercus sp.
骨(ウシ),Bos taurus
漆椀,
ヒト頭蓋骨,Homo sapiens
生試料･種子(ひょうたん),Lagenaria siceraria var. gourda
枝材片,
微細植物片,
生材(スギ?),Cryptomeria japonica
生材(トネリコ属シオジ節),"Fraxinus sp., Fraxininae (Section Melioides sensu lato)"
種子(梅),Prunus mume
漆の塊?,
土器付着漆,
木片(ウツギ属),Deutzia sp.
木片(サワラ),Chamaecyparis pisifera
クリ皮,Castanea crenata
堅果(クルミ),Juglans sp.
種子(モモ),Prunus persica
貝皮(淡水性),Mollusca
堅果(トチ),Aesculus turbinata
焼土塊,
木材(樹皮),
木材(コナラ属アカガシ亜属),Quercus subgenus Cyclobalanopsis
ウメ核,Prunus mume
木材(ブナ),Fagus crenata
木材(マユミ),Euonymus sieboldianus
煤,
炭化植物片(クリ、イネ科),"Castanea crenata, Poaceae"
炭化植物片(エノキ属、タケ亜科),"Celtis sp., Bambusoideae"
種子(モモ核),Prunus persica
炭化材(ケヤキ、シキミ),"Zelkova serrata, Illicium tashiroi (syn. Illicium anisatum)"
木炭(コナラ属クヌギ節),Quercus section Cerris [acutissima]
木炭(コナラ亜属コナラ節),"Quercus subgen. Quercus, Quercus sect. Quercus"
木炭(コナラ亜属クヌギ節),"Quercus subgen. Quercus, Quercus section Cerris [acutissima]"
木炭(モクレン属),Magnolia sp.
樹皮,
炭化種子(モモ核),Prunus persica
炭化種子(コナラ属子葉),Quercus sp.
生種実(カヤ種子),Torreya nucifera
生種実(エゴノキ核),Styrax japonicus
生種実(トチノキ種子),Aesculus turbinata
生種実(モミ種子),Abies firma
生種実(マツ属球果),Pinus sp.
生種実(ブナ果実),Fagus crenata
炭化広葉樹樹皮,Angliosperms
炭化材(ミズキ、モミ属),"Cornus controversa, Abies sp."
生材(カヤ),Torreya nucifera
炭化穀物,Plantae (seed)
木片(クヌギ節),Quercus section Cerris [acutissima]
木片(コナラ亜属),Quercus subgen. Quercus
種実(モモ),Prunus persica
ソバの茎,Fagopyrum esculentum
骨(ウマ),Equus caballus
炭化材(カバノキ科),Betulaceae
炭化材(バラ科),Rosaceae
炭化材(トネリコ),Fraxinus japonica
炭化種子(クヌギの実),Quercus acutissima
木炭(ブナ属),Fagus sp.
土壌化炭化物,
木材(クワ科クワ属),Morus sp.
生木(ヤマザクラ),Prunus serrulata (syn. Cerasus jamasakura)
生木(ブナ属),Fagus sp.
堅果(コナラ属アカガシ亜属),Quercus subgenus Cyclobalanopsis
木材(ムクロジ),Sapindus mukorossi
人骨(歯),Homo sapiens
獣骨(歯),Animalia (bone)
暗灰色粘土,
黒褐色泥炭,
トチの実,Aesculus turbinata
生試料･材(ハンノキ属),Alnus sp.
木材(クマノミズキ類),Cornus macrophylla
モモ核,Prunus persica
キカラスウリ種子,Trichosanthes kirilowii var. japonica
イネ胚乳,Oryza sativa
クリの実,Castanea crenata
木材(バラ科ナシ亜科),Pyroideae / Maloidaceae
木材(トネリコ属近似種),Fraxinus sp.
木片(カツラ),Cercidiphyllum japonicum
腐植質泥,
マコモ層,Zizania latifolia
暗灰色腐植質泥,
石臼付着物,
ハンノキ属,Alnus sp.
クリ近似種,Castanea crenata
生試料･材（ニガキ）,Picrasma quassioides
生試料･材（トネリコ属）,Fraxinus sp.
生試料･材（カツラ）,Cercidiphyllum japonicum
生試料･材（ブナ属）,Fagus sp.
生試料･材(カエデ属),Acer sp.
生試料･材(クスノキ科シロダモ属),Neolitsea sp.
生試料･材(ケヤキ),Zelkova serrata
生試料･材(スギ),Cryptomeria japonica
生試料･材(ヤナギ属),Salix sp.
生試料･材(ブナ属),Fagus sp.
種実遺体(トチノキ果実),Aesculus turbinata
種実遺体(ホオノキ種子),Magnolia obovata
炭化材(広葉樹･散孔材),Angliosperms
木材(トネリコ属の一種),Fraxinus sp.
土付き炭化物,
人骨 大腿骨片,Homo sapiens
人骨 四肢骨片,Homo sapiens
人骨 頭骨片,Homo sapiens
生材(広葉樹),Angliosperms
生材(タケ亜科稈),Bambusoideae
鉄塊,
炭化材(マツ?),Ceratophyllum demersum
炭化材 樹皮,
種実遺体?,Plantae (seed)
炭化材(アカメガシワ),Mallotus japonicus
腐植質砂,
果皮(ひょうたん）,Lagenaria siceraria var. gourda
木材(クルミ属),Juglans sp.
トチの実の皮?,Aesculus turbinata
種実(コムギ胚乳),Triticum sp.
種実(イネ胚乳),Oryza sativa
生材(ヤマウルシ),Toxicodendron trichocarpum
炭化物(イネ科稈),Poaceae
動物遺存体 ウマ 右大腿骨骨頭,Equus caballus
炭化種実(トチノキ種子),Aesculus turbinata
イネ科稈,Oryza sativa
ウキヤガラ近似種(種実),Bolboschoenus yagara
カヤツリグサ科(種実),Cyperaceae
ヤナギ属,Salix sp.
竹,Bambusoideae
草,Poaceae
焼骨 ヒト頭蓋骨,Homo sapiens
焼骨 哺乳類 四肢骨,Mammalia
植物遺体(草本),Plantae (herbaceous)
塗膜(赤色顔料),
木枝片,
植物遺体(葉),Plantae (leaf)
生材(ツバキ属),Camellia sp.
生材(樹皮),
エゴノキ種子,Styrax japonicus
クリ果皮,Castanea crenata
ブナ果実,Fagus crenata
炭化種実(ブナ殻斗),Fagus crenata
木皮,
小枝,
木材(サワラ),Chamaecyparis pisifera
草本類,Plantae (herbaceous)
漆紐,
炭化草本,Plantae (herbaceous)
炭化材(広葉樹:環孔材),Angliosperms
木材(コナラ),Quercus serrata
モモ種子,Prunus persica
土器付着漆?,
土壌(腐植層),
土壌(地山),
生材(広葉樹･環孔材),Angliosperms
生材(広葉樹･散孔材),Angliosperms
木材(カラスザンショウ),Zanthoxylum ailanthoides
炭化物(トチノキ種子他),Aesculus turbinata
炭化物(トチノキ種子),Aesculus turbinata
漆紙,
漆紙文書,
麻布,Cannabis sativa
木材(アサダ),Ostrya japonica
種実遺体(エゴノキ),Styrax japonicus
動物骨 クジラ目イルカ類? 肋骨,"Cetacea, Delphinidae"
木材(ヤナギ),Salix sp.
生材(ケンポナシ属),Hovenia sp.
種実類(針葉樹),Coniferae
木胎漆器,
植物遺体(炭化イネ科稈),Oryza sativa
草本類稈,Plantae (herbaceous)
種実遺体(ホタルイ属及びタデ属),"Schoenoplectiella sp., Persicaria sp."
炭化種実(ミズキ),Cornus controversa
炭化植物遺体(イネ科稈),Oryza sativa
木材(ネズコ),Thuja standishii
木材(ハンノキ属ヤシャブシ亜属),Alnus sp. subgenus Alnobetula
種実遺体(トチノキ種子),Aesculus turbinata
人骨(焼骨) 肋骨,Homo sapiens
生材(モモ),Prunus persica
木材(カツラ属),Cercidiphyllum sp.
漆樹液,
炭化材(コナラ節、エゴノキ属、ガマズミ属、サクラ属),"Quercus sect. Quercus, Styrax sp., Viburnum sp., Cerasus sp."
炭化材(ニレ科),Ulmaceae
漆様炭化物(黒目うるし),
生試料･材(ブナ科シイ属),Castanopsis sp.
植物遺体(虫えい),
草本質炭化物,Plantae (herbaceous)
炭化種実(モモ核),Prunus persica
焼骨(哺乳類),Mammalia
炭化物(草本･イネ科稈),Poaceae
炭混じり黒色土,
炭化材(クマシデ節),Carpinus japonica section
炭化材(リョウブ),Clethra barbinervis
穀類(コメの塊),Oryza sativa
炭化種実(シソ属炭化果実),Perilla sp.
炭化材(エゴノキ属?),Styrax sp.
生材(ノリウツギ),Hydrangea paniculata 
土壌(黒色砂質土),
種実(トチ),Aesculus turbinata
貝(シジミ類),Corbiculidae
未炭化植物片,
生木(オニグルミ),Juglans mandshurica
炭化材(バラ科サクラ属),Cerasus sp.
炭化材(イヌザンショウ),Zanthoxylum schinifolium
炭化材(マツ属複維管束亜属、クスノキ科、モチノキ属近似種),"Pinus sp., Pinus subgenus Pinus (diploxylon pines), Lauraceae, Ilex sp."
炭化材(針葉樹、コナラ属),"Coniferae, Quercus sp."
焼土内炭化物(不明広葉樹),Angliosperms
炭化材(クヌギ類),Quercus acutissima
炭化材(ウコギ属),Eleutherococcus sp.
生木(ツガ属),Tsuga sp.
巻貝･二枚貝,Bivalvia
土壌(黒褐色砂質シルト),
ツバキ種子,Camellia japonica
タケ,Bambusoideae
木材(ウメorモモ),"Prunus mume, Prunus persica"
木材(カバノキ属),Betula sp.
炭化物混じり土壌,
鉄,
種実遺体,Plantae (seed)
貝(ウメノハナガイ),Pillucina pisidium
灰状物質(稲藁由来の灰),Oryza sativa
木材(クマシデ属イヌシデ節),"Carpinus sp., Carpinus tschonoskii section"
木材(ナナカマド属),Sorbus sp.
植物遺体(シュロ),Trachycarpus sp.
種実遺体(ヒシ),Trapa japonica (Trapa natans var. bispinosa)
木材(ミズキ属),Cornus sp.
二枚貝(アリソガイ),Mactra [Coelomactra] antiquata
植物遺体(草本類),Plantae (herbaceous)
木材(バラ属）,Rosa sp.
漆膜片(漆),
巻貝(イボウミニナ),Batillaria zonalis
炭化球根(ユリ科ネギ属),Allium sp.
貝(サルボウガイ),Anadara kagoshimensis
貝(ホソウミニナ),Batillaria cumingii
貝(ツメタガイ）,Neverita didyma
貝(バイ),Mollusca
貝(シラオガイ),Circe scripta
貝(バカガイ),Mactra chinensis
貝(コベルトカニモリ),Cerithium dialeucum 
貝(ハイガイ),Tegillarca granosa
タヌキ下顎骨,Nyctereutes procyonoides
板鰓類椎骨,Elasmobranchii
ニホンジカ足根骨,Cervus nippon
クジラ目腰椎,Artiodactyla
カワハギ科腰帯,Stephanolepis cirrhifer
マグロ属腹椎,Thunus sp.
クマ犬歯,Canis (lupus) familiaris
イヌ上腕骨,Canis (lupus) familiaris
イルカ脊椎骨,Delphinidae
シカ距骨,Cervidae
シカ頸椎骨,Cervidae
シカ角,Cervidae
ヒト下顎骨,Homo sapiens
イヌ下顎骨,Canis (lupus) familiaris
ニホンジカ上顎骨,Cervus nippon
ニホンジカ肩甲骨,Cervus nippon
種実遺体(タデ属),Persicaria sp.
炭化種実(コムギ胚乳),Triticum sp.
植物遺体(イネ科?),Poaceae
炭化材(シナノキ属),Tilia sp.
黒色土(泥質),
生試料･材(コナラ節),Quercus sect. Quercus
炭化材(ニレ科エノキ属),Celtis sp.
炭化材(クリ･キハダ),"Castanea crenata, Phellodendron amurense"
種子(クリ),Castanea crenata
炭化材(ヒノキorスギ),"Chamaecyparis obtusa, Cryptomeria japonica"
土壌(黒色泥質土),
生材(タケ亜科),Bambusoideae
ウマ臼歯,Equus caballus
炭化種実(コナラ使用),Quercus serrata
草本植物遺体,Plantae (herbaceous)
炭化材 (ミズキ),Cornus controversa
炭化材(つる植物),
生種実(モモ核),Prunus persica
種実(エゴノキ),Styrax japonicus
木材(ヌルデ),Brucea javanica
木材(ヤマグワ、カラスザンショウ),"Morus australis, Zanthoxylum ailanthoides"
ヤマトシジミ貝殻,Corbicula japonica 
土器付着漆膜,
炭化球根,Plantae (bulb)
炭化植物,
木材(コナラ属コナラ亜属クヌギ),"Quercus sp., Quercus subgen. Quercus, Quercus acutissima"
木材(ツバキ属),Camellia sp.
縄(リョウメンシダ),Arachniodes standishii
編物(ヒノキ科),Cupressaceae
縄,
頸椎,animalia (bone)
頭蓋骨片,Animalia (bone)
脛骨,Animalia (bone)
大腿骨,Animalia (bone)
肩甲骨,Animalia (bone)
基節骨（手）,Animalia (bone)
尺骨,Animalia (bone)
橈骨,Animalia (bone)
頭蓋骨,Animalia (bone)
頭頂骨,Animalia (bone)
大腿骨片,Animalia (bone)
踵骨,Animalia (bone)
土壌(黒色砂混じりシルト),
炭化材(クリ、サクラ属、カエデ属、ブナ属),"Castanea crenata, Cerasus sp., Acer sp., Fagus sp."
炭化材(カエデ属、ブナ属),"Acer sp., Fagus sp."
木材(クスノキ科),Lauraceae
peat,
クリ果実,Castanea crenata
ドングリ類種子,Quercoideae (Quercus / Castanopsis / Lithocarpus / Cyclobalanopsis)
木材(クマシデ属),Carpinus sp.
種子(ドングリ,Quercoideae (Quercus / Castanopsis / Lithocarpus / Cyclobalanopsis)
マイルカ 頭蓋骨,Delphinus delphis
小型イルカ 椎骨,Delphinidae
ニホンジカ 大腿骨,Cervus nippon
木材(シキミ),Illicium tashiroi (syn. Illicium anisatum)
炭化堅果(トチノキ),Aesculus turbinata
炭化堅果(コナラ属),Quercus sp.
ヘビ貝,Thylacodes adamsii [Serpulorbis imbricatus]
カキ貝,Ostreoidea
ウルシ,Toxicodendron vernicifluum
マイルカ骨,Delphinus delphis
果皮,"Plantae (seed, fruit)"
炭化穎果(イネ),Oryza sativa
トチノキ果実,Aesculus turbinata
炭化材(クマノミズキ類),Cornus macrophylla
炭化材(コクサギ),Orixa japonica
種実遺体(トチノキ種皮),Aesculus turbinata
シカ 下顎骨 右,Cervidae
イノシシ 下顎骨 右,Sus scrofa
ガン亜科 上腕 左,Anserinae
クジラ類,Artiodactyla
イヌ 環椎,Canis (lupus) familiaris
クマ 大腿骨 右 遠位,Ursidae
イノシシ 下顎骨,Sus scrofa
イヌ 腰椎,Canis (lupus) familiaris
イヌ 大腿骨 左,Canis (lupus) familiaris
クマ 中手/中足,Ursidae
カモ亜科 烏口骨,Anatinae
魚類(大型) 椎骨,Animalia (fish)
サルボウ,Anadara kagoshimensis
オオタニシ,Cipangopaludina japonica
生木(クヌギ節),Quercus section Cerris [acutissima]
炭化種実(ムクロジ),Sapindus mukorossi
有機物細片,
不明(花粉分析試料),
動物骨,Animalia (bone)
炭化材(クリ)･土壌,Castanea crenata
植物片(微小な草本質植物),Plantae (herbaceous)
砂質粘土,
ナウマン象 骨化石,Palaeoloxodon naumanni 
炭化材(ブナ属、コナラ属コナラ亜属クヌギ節),"Fagus sp., Quercus sp., Quercus subgen. Quercus, Quercus section Cerris [acutissima]"
生木(カラマツ),Larix kaempferi
生木(ヒノキ),Chamaecyparis obtusa
炭化材(バラ科ナシ亜科),Pyroideae / Maloidaceae
土壌(黒色泥),
炭化材(ヤマグワ近似種),Morus australis
炭化鱗茎,Plantae (bulb)
植物片(草本?),Plantae (herbaceous)
植物片(炭化物),
種実遺体(モモ核),Prunus persica
種実遺体(ヒョウタン類果実),Lagenaria siceraria (var. gourda Makino)
生材(ツガ属),Tsuga sp.
生材(コナラ属コナラ亜属クヌギ節),Quercus section Cerris [acutissima]
種実遺体(ブドウ種子),Vitis sp.
炭化堅果,Plantae (nut)
"炭化材(ヒノキ属, クリ)","Chamaecyparis sp., Castanea crenata"
"炭化材(マツ属複維管束亜属, モミ属)","Pinus subgenus. Pinus, Abies sp."
"木炭(針葉樹, ツガまたはモミ)","Coniferae, Tsuga sieboldii, Abies firma"
炭化種実(イネ種子),Oryza sativa
炭化材(クワ),Morus alba 
オオムギ胚乳,Hordeum vulgare
炭化材(ハシバミ属),Corylus sp.
"炭化材(クリ, 広葉樹)",Castanea crenata
礫混じり砂質シルト,
腐植質シルト質粘土,
シルト混じり細砂,
細砂混じりシルト,
砂質土,
黒褐色有機質シルト,
炭化材(サワラ),Chamaecyparis pisifera
"炭化材(コナラ節, クリ)","Quercus sect. Quercus, Castanea crenata"
木材(サイカチ近似種),Gleditsia japonica
木材(ツガ),Tsuga sieboldii
"炭化材(クリ, ケンポナシ属)","Castanea crenata, Hovenia sp."
炭化材(キリ),Paulownia tomentosa
腐食した黒色土,
黒褐色土壌,
炭化材(コナラ属コナラ亜種クヌギ節),"Quercus sp., Quercus subsp. Quercus, Quercus section Cerris [acutissima]"
炭化材(コナラ属コナラ亜種コナラ節),"Quercus sp., Quercus subsp. Quercus, Quercus sect. Quercus"
炭化材(トウヒ属-カラマツ属),"Picea sp., Larix sp."
炭化米(マメ類種子),"Oryza sativa, Glycine / Vigna / Pisium / Vicia faba"
炭化種実(マメ類種子),Fabaceae
種実遺体(オニグルミ核)＋土壌,Juglans mandshurica
種実遺体(オニグルミ核),Juglans mandshurica
クリ種皮,Castanea crenata
"炭化材(エゴノキ属, モミ属)","Styrax sp., Abies sp."
炭化材(クマシデ属クマシデ設),"Carpinus sp., Carpinus japonica"
"炭化材(マツ属複維管束亜属, サクラ属)","Pinus subgenus. Pinus, Cerasus sp."
炭化材(環孔材類似),
炭化材(イネ科稈),Poaceae
腐食土,
馬骨(右尺骨･橈骨),Equus caballus
木材(ケンポナシ),Hovenia dulcis
木材(ツワラ),Chamaecyparis pisifera サワラ? 
骨(ヒト右大腿骨),Homo sapiens
骨(ヒト左上腕骨),Homo sapiens
骨(ヒト右脛骨),Homo sapiens
炭化種実(炭化米),Oryza sativa
炭化種実(コムギ),Triticum sp.
種実(メロン仲間),Cucumis melo
炭化種実(ブドウ属),Vitis sp.
炭化材(フジキ属),Cladrastis sp.
馬歯 切歯,Equus caballus
馬骨 左脛骨片,Equus caballus
馬骨 骨コラーゲン,Equus caballus
果実,Plantae (fruit)
炭化種子(クヌギ子葉),Quercus acutissima
オニグルミ殻,Juglans mandshurica
炭化材(タケ),Bambusoideae
ケヤキ根,Zelkova serrata
タケ類,Bambusoideae
木材(コウヤマキ),Sciadopitys verticillata
"炭化材(クリ, コナラ)","Castanea crenata, Quercus serrata"
炭化オオムギ種子,Hordeum vulgare
トウヒ毬果,Picea jezoensis var. hondoensis
生材(アカマツ),Pinus densiflora
イネの果実類,Oryza sativa
炭化植物遺体(イネ科草本),Poaceae
生材(アカガシ亜属),Quercus subgenus Cyclobalanopsis
草本遺体,Plantae (herbaceous)
トチノキ炭化種子,Aesculus turbinata
人骨(長骨),Homo sapiens
トリベ付着物,
炭化種実(マツ属毬果),Pinus sp.
炭化種実(サクラ属核1点),Cerasus sp.
ドングリ,Quercoideae (Quercus / Castanopsis / Lithocarpus / Cyclobalanopsis)
有機質土(黒色土壌),
炭化球果(マツ属複維管束亜属),"Pinus sp., Pinus subgenus Pinus (diploxylon pines)"
草本炭化物,Plantae (herbaceous)
炭化材(クワ属＆クマシデ属),"Morus sp., Carpinus sp."
炭化植物遺体(ヨシ属茎),Phragmites australis
木材(ヒトツバタゴ),Chionanthus retusus
コナラ属炭化子葉,Quercus sp.
炭化材(コウヤマキ),Sciadopitys verticillata
骨(ヒト、脛骨?）,Homo sapiens
炭化材(ヒノキ属、カエデ属),"Chamaecyparis sp., Acer sp."
生材(コウヤマキ),Sciadopitys verticillata
炭化材(コナラ属クヌギ節とヒノキ属),"Quercus sp., Quercus section Cerris [acutissima], Chamaecyparis sp."
炭化材(マツ属?),Pinus sp.
ヒトの歯,Homo sapiens
種子(ドングリ),Quercoideae (Quercus / Castanopsis / Lithocarpus / Cyclobalanopsis)
生材(イヌマキ),Podocarpus macrophyllus
炭化材(シイ属),Castanopsis sp.
土壌(有機質粘土),
生材(ノブドウ属茎),Ampelopsis sp.
炭化植物(草本類),Plantae (herbaceous)
土混じり木炭片,
炭化材(アカガシ亜属、シキミ),"Quercus subgenus Cyclobalanopsis, Illicium tashiroi (syn. Illicium anisatum)"
黒色粘土,
木材(ヤブニッケイ),Cinnamomum yabunikkei
植物細片,
植物質土壌,
炭化材(カマツカ),Photinia villosa
炭化材(ハイノキ属),Symplocos sp.
ヒョウタン類(種子),Lagenaria siceraria
キカラスウリ(種子),Trichosanthes kirilowii var. japonica
木材(アワブキ属),Meliosma sp.
炭化材(ヤブツバキ),Camellia japonica
炭化材(スダジイ),Castanopsis sieboldii subsp. sieboldii
黒色砂混じりシルト,
ドングリ炭化種子,Quercoideae (Quercus / Castanopsis / Lithocarpus / Cyclobalanopsis)
有機土壌,
"炭化材(クマシデ属イヌシデ節,クリ)","Carpinus sp., Carpinus tschonoskii section, Castanea crenata"
木材(アカメガシワ),Mallotus japonicus
木材(ツブラジイ),Castanopsis cuspidata
木材(クリ近似種),Castanea crenata
木材(タイミンタチバナ),Myrsine seguinii
木材(カキノキ属),Diospyros sp.
木材(アオキ),Aucuba japonica
炭化材(タイミンタチバナ),Myrsine seguinii
炭化材(マキ属),Podocarpus sp.
明褐灰色粘土,
炭化材(アワブキ),Meliosma myriantha
植物種子(ヒシの実含む),Trapa japonica (Trapa natans var. bispinosa)
炭化材(ナツツバキ属),Stewartia sp.
植物繊維,
炭化材(ミツバウツギ科),Staphyleaceae
木材(タブノキ),Machilus thunbergii
炭化材(ナシ亜科),Pyroideae
炭化材(ハイノキ属サワフタギ節),"Symplocos sp., Symplocos sawafutagi"
炭化材(クスノキ),Cinnamomum camphora
炭化材(フタバガキ科),Dipterocarpaceae
炭化材(ハゼノキorヤマハゼ?),"Toxicodendron succedaneum, Toxicodendron sylvestre?"
クリ炭化子葉,Castanea crenata
木材(マキ属),Podocarpus sp.
暗色帯土壌,
炭化材(ヒメバラモミ),Picea maximowiczii
炭化材(ツルウメモドキ属),Celastrus sp.
炭化材(ハシドイ),Syringa reticulata
炭化材(ウツギ属),Deutzia sp.
炭化材(タニウツギ属),Weigela sp.
"炭化材(コナラ属アカガシ亜属, クスノキ科. イネ科)","Quercus sp., Quercus subgenus Cyclobalanopsis, Lauraceae, Poaceae"
炭化材(ムクロジ近似種),Sapindus mukorossi
炭化材(グミ属),Elaeagnus sp.
炭化種実(コナラ属堅果),Quercus sp.
灰色腐植混じり粘土知るシルト,
炭化材(グミ),Elaeagnus sp.
炭化材(ツブラジイ),Castanopsis cuspidata
炭化材(イイギリ),Idesia polycarpa
炭化植物遺体(イネ科),Poaceae
炭化種実(イチイガシ子葉),Quercus gilva
炭化種実(コナラ属クヌギ節子葉),"Quercus sp., Quercus section Cerris [acutissima]"
昆虫化石(ヒメコガネ上翅),Anomala rufocuprea
貝殻(サルボウガイ),Anadara kagoshimensis
貝殻(フトヘナタリ),Cerithidea rhizophorarum
虫体(イネノクロカメムシ),Scotinophara lurida
腐植物片,
生の草本,Planatae (herbaceous)
生の葉,Plantae (leaf)
生材(ツブラジイ根材),Castanopsis cuspidata
炭化材(モチノキ属),Ilex sp.
生の草本類,Planatae (herbaceous)
左下顎M1歯,Animalia (bone)
種実(ヒシ属),Trapa sp.
炭質土,
炭化物混じりシルト,
砂混じりシルト,
炭化物混じり泥,
砂混じり粘土,
炭化物混じり粘土,
砂混じり泥,
腐植質砂質シルト,
木片(枝),
葉,Plantae (leaf)
種子(アカガシ亜属殻斗),Quercus subgenus Cyclobalanopsis
植物片(単子葉類の茎),"Plantae (seed, stem)"
コナラ属果実,Quercus sp.
クヌギ節果実,Quercus section Cerris [acutissima]
アカガシ亜属果実,Quercus subgenus Cyclobalanopsis
種実(アカガシ亜属果実),Quercus subgenus Cyclobalanopsis
種実(クヌギ節),Quercus section Cerris [acutissima]
ユリ科鱗茎,Liliaceae
骨(ヒト肋骨破片),Homo sapiens
骨(ヒト部位不明破片),Homo sapiens
骨(ヒト頭蓋骨破片),Homo sapiens
骨(イヌ肋骨),Canis (lupus) familiaris
骨(イヌ左距骨),Canis (lupus) familiaris
骨(イヌ右下顎骨),Canis (lupus) familiaris
骨(イヌ軸椎),Canis (lupus) familiaris
骨(イヌ左尺骨),Canis (lupus) familiaris
骨(イヌ右尺骨),Canis (lupus) familiaris
骨(ネコ左下顎骨),Felis sp.
骨(ネコ左上腕骨),Felis sp.
骨(シカ右下顎後臼歯),Cervidae
シカ(右前頭骨),Cervidae
骨(シカ左肩甲骨),Cervidae
骨(シカ左下顎骨),Cervidae
骨(シカ左距骨),Cervidae
骨(シカ右肩甲骨),Cervidae
骨(ウシ右下顎骨),Bos taurus
骨(ウシ左肩甲骨),Bos taurus
骨(ウシ右中足骨),Bos taurus
骨(ウシ右肩甲骨),Bos taurus
骨(ウシ左上腕骨),Bos taurus
骨(ウシ左下顎骨),Bos taurus
骨(ウマ左中手骨),Equus caballus
骨(ウマ左肩甲骨),Equus caballus
骨(ウマ右脛骨),Equus caballus
骨(ウマ左距骨),Equus caballus
骨(ウマ左橈骨),Equus caballus
骨(ウマ右下顎骨),Equus caballus
骨(ウマ右肩甲骨,Equus caballus
骨(ウマ仙椎),Equus caballus
骨(ウマ右距骨),Equus caballus
ひょうたん,Lagenaria siceraria var. gourda
humic clay,
humic sand,
humic slit,
plant fragment,
炭化種実(マツ属球果),Pinus sp.
生種実(ツクバネガシ),Quercus sessilifolia
生種実(アカガシ),Quercus acuta
炭化胚乳(オオムギ),Hordeum vulgare
種実(アブラナ科),Brassicaceae (Cruciferae)
炭化材(イネ科茎),Poaceae
暗褐色粘土,
草本植物片,Plantae (herbaceous)
炭化材(シャシャンボ),Vaccinium bracteatum
炭化材(クリ−シイノキ属),"Castanea crenata, Castanopsis sp."
炭化材(ツブラジイ−コナラ属),"Castanopsis cuspidata, Quercus sp."
炭化材(スギ ),Cryptomeria japonica
種子(ヒシ属果実),Trapa sp.
種子(マツ属複維管束亜属球果),Pinus subgenus. Pinus
植物遺体(単子葉類の茎),Plantae (stem)
木本炭化物,
生の植物遺体,
生の種実,Plantae (seed)
炭化種実(ヒエ果実),Echinochloa esculenta
人骨(四肢骨),Homo sapiens
亜炭,
炭化材(ネズコ),Thuja standishii
炭化材(スノキ属),Vaccinium sp.
炭化材(ネズコ?),Thuja standishii?
生材(サワラ),Chamaecyparis pisifera
アシカ骨 雄右尺骨,Otariinae
アシカ骨 雌左脛骨,Otariinae
暗褐色腐植質シルト土壌,
暗褐色シルト,
有機質年土,
ハイガイ,Tegillarca granosa
炭化材(マツ属の根材),Pinus sp.
生試料･種実(アカメガシワ種子),Mallotus japonicus
貝殻(アカニシ芯),Rapana venosa (core)
炭化材(枝材),
腐植化した植物遺体,
炭化材(マツ),Pinus sp.
黒灰色腐植質シルト,
暗灰色腐植質シルト,
種子(ブドウ属),Vitis sp.
炭化材(コナラ属アカガシ亜属、サクラ属、ユズリハ属),"Quercus sp., Quercus subgenus Cyclobalanopsis, Cerasus sp., Daphniphyllum sp."
樹木の葉,Plantae (leaf)
炭化種子(ササゲ属アズキ近似種),Vigna angularis
生材(ヤナギ属根材),Salix sp.
生材(マツ属複維管束亜属,Pinus subgenus. Pinus
種実(センダン),Melia azedarach
堆積物:植物遺体混じりシルト質細粒砂,
堆積物:植物遺体混じり極細粒砂質シルト,
堆積物:未分解植物遺体混じり有機質極細粒砂質シルト,
堆積物:植物遺体混じりシルト,
堆積物:植物遺体･極細粒砂混じりシルト,
堆積物:未分解の植物遺体を多く含む中粒砂混じり有機質細粒砂質シルト,
木材(ヤブツバキ),Camellia japonica
炭化材（コナラ属コナラ亜属クヌギ節）,Quercus section Cerris [acutissima]
生材（ムクロジ）,Sapindus mukorossi
生材（コナラ属アカガシ亜属）,Quercus subgenus Cyclobalanopsis
生材（キハダ）,Phellodendron amurense
生材（クリ）,Castanea crenata
炭化材（イネ科タケ亜科）,Bambusoideae
炭化材（トネリコ属）,Fraxinus sp.
炭化材（コナラ属コナラ節）,Quercus sect. Quercus
炭化材（クリ）,Castanea crenata
黒色シルト,
貝化石（マガキ）,Crassostrea gigas
オリーブ色シルト質粘土（貝混じり）,Mollusca
暗灰色シルト,
黒色シルト質粘土（有機物多い）,
黒色土（有機物含む）,
灰色シルト,
木材（タブノキ）,Machilus thunbergii
木材（イスノキ）,Distylium racemosum
木材（シイ属）,Castanopsis sp.
木材（ツブラジイ）,Castanopsis cuspidata
竹材（マダケ）,Phyllostachys bambsoides
炭化物（ニレ科：エノキ属またはケヤキ）,"Celtis sp., Zelkova serrata"
炭化物（広葉樹：ニレ科やヤマグワ？）,Morus australis
炭化材（コナラ属コナラ亜属コナラ節）,Quercus subgen. Quercus
炭化種実（イネ）,Oryza sativa
炭化種実（オオムギ）,Hordeum vulgare
炭化材（アカガシ亜属）,Quercus subgenus Cyclobalanopsis
炭化材（広葉樹）,Angliosperms
人骨（頭蓋片、眼窩上部の破片）,Homo sapiens
人骨（大腿骨片）,Homo sapiens
人骨（手の指、基節骨）,Homo sapiens
人骨（左肋骨片）,Homo sapiens
炭化材（ブナ科クリ属）,Castanea sp.
炭化材（カヤ）,Torreya nucifera
炭化種子（鱗茎(球根)）,Plantae (bulb)
土器付着煤,
黒泥混じり植物遺体,
炭化物（カーボン）,
炭化材（樹皮）,
炭化物（土器内底部付着物）,
木材（広葉樹）,Angliosperms
炭化材（クスノキ）,Cinnamomum camphora
炭化材（ケヤキ）,Zelkova serrata
炭化材（クスノキ科）,Lauraceae
炭化材（コナラ属アカガシ亜属ブナ科）,"Quercus sp., Quercus subgenus Cyclobalanopsis, Fagaceae"
杭材（クリ）,Castanea crenata
炭化物（ヤブツバキ）,Camellia japonica
炭化物（マツ属）,Pinus sp.
炭化材（ヤブツバキ）,Camellia japonica
獣骨（歯）,Animalia (bone)
木製品（木杭）（広葉樹）,Angliosperms
板状木製品,
掘り棒,
木杭,
割枕,
木片（ブナ科コナラ属アカガシ亜属）,"Quercus sp., Quercus subgenus Cyclobalanopsis"
木片（マンサク科イスノキ属イスノキ）,"Distylium sp., Distylium racemosum"
木片（クスノキ科タブノキ属）,Machilus thunbergii
木片（イチイ科カヤ属カヤ）,"Torreya sp., Torreya nucifera"
木片（クワ科クワ属？）,Morus sp.
木片（マツ科モミ属）,Abies sp.
木片（センダン科センダン属センダン）,"Mahogany section, Meliaceae, Melia azedarach"
木片（ブナ科シイ属）,Castanopsis sp.
木片（ツバキ科ツバキ属）,Camellia sp.
木片（ブナ科クリ属クリ）,"Castanea sp., Castanea crenata"
木材（クリ）,Castanea crenata
炭化物(不明),
炭化材(ツゲ属),Buxus sp.
炭化種子(コナラ属炭化子葉),Quercus sp.
土器付着煤状炭化物,
土器付着炭化物(煤),
土器付着炭化物(焦),
植物遺体(植物根？),Plantae (root)
炭化材(コナラ属コナラ亜科クヌギ節),"Quercus sp., Quercus subgen. Quercus, Quercus section Cerris [acutissima]"
炭化材(広葉樹(散孔材)),Angliosperms
木材(ホルトノキ属),Elaeocarpus sp.
炭化材(ニレ科ケヤキ属),Zelkova sp.
種実片(ムギ類),Poaceae (large grain cereale)
炭化種実(ウメ核･仁),Prunus mume
炭化材(ツバキ科ツバキ属),Camellia sp.
柱材,
種実炭化物(チャンチンモドキ),Choerospondias axillaris​
種実炭化物(ブナ科),Fagaceae
炭化材(ブナ科シイ属ツブラジイ),"Castanopsis sp., Castanopsis cuspidata"
炭化種実(単子葉類の球根),Plantae (bulb)
炭化材(コジイ),Castanopsis cuspidata
炭化材(シイノキ属，最外？〜5年輪分),Castanopsis sp.
炭化材(アカガシ亜属，より外側〜5年輪分),Quercus subgenus Cyclobalanopsis
炭化材(シイノキ属，より外側〜5年輪分),Castanopsis sp.
炭化材(シイノキ属，より外側〜4年輪分),Castanopsis sp.
炭化材(散孔材，2年輪分),
(粉状)炭化物,
炭化材(イスノキ近似種),Distylium racemosum
炭化材(タブノキ属),Machilus thunbergii
炭化材(樹木類),
炭化材(コナラ属コナラ亜科),Quercus subgen. Quercus
炭化材(アワブキ属アカガシ亜属),"Meliosma sp., Quercus subgenus Cyclobalanopsis"
炭化材(マツ科),Pinaceae
木材(カマツカ),Photinia villosa
木材(イスノキ),Distylium racemosum
木材(クスノキ),Cinnamomum camphora
木片(エゴノキ属),Styrax sp.
木材(針葉樹の樹皮),Coniferae
炭化種実(スモモの未熟核),Prunus salicina
炭化物(灰質炭化物),
炭化材(ゴンズイ),Euscaphis japonica
炭化材(イスノキ),Distylium racemosum
炭化物(繊維状)(イネ属･ススキ属･ウシクサ属),"Oryza sp., Miscanthus sp., Schizachyrium sp."
炭化物(繊維状)(イネ科タケ亜科),Bambusoideae
炭化材(針葉樹:小枝),Coniferae
炭化材(クリまたはシイ属),"Castanea crenata, Castanopsis sp."
炭化種実(モモ),Prunus persica
土壌(ヒューミンを抽出),
貝(マガキガイ),Conomurex luhuanus
炭化材(広葉樹(環孔材)),Angliosperms
土壌(黒色腐植土),
木材(イチイガシ),Quercus gilva
土壌(焼土),
木材(イスノキ）,Distylium racemosum
貝？,Mollusca
炭化材(ハイノキ),Symplocos myrtacea
炭化材(タブノキ),Machilus thunbergii
炭化物(火葬人骨),Homo sapiens
炭化材(ヤクシマサルスベリ),Lagerstroemia subcostata var. fauriei
炭化材(板目板状マツ属複維管束亜属),"Pinus sp., Pinus subgenus Pinus (diploxylon pines)"
炭化材(4分の1割材･オオバギ近似種),Macaranga tanarius
炭化材(マダケ),Phyllostachys bambsoides
木材(サカキ),Cleyera japonica
炭化物(石器付着),
炭化種実(オオムギ穎･胚乳),Hordeum vulgare
炭化種実(オオムギ胚乳),Hordeum vulgare
炭化種実(カキノキ属 種子),Diospyros sp.
炭化種実(イネ科イネ属),Oryza sativa
炭化材(ユズリハ属),Daphniphyllum sp.
炭化種実(クリ 子葉),Castanea crenata
炭化種実(イチイガシ 子葉),Quercus gilva
炭化種実(イネ果実),Oryza sativa
炭化物(植物片),
木材(センダン),Melia azedarach
炭化材(センダン),Melia azedarach
炭化材(リンボク),Prunus spinulosa
炭化材(バラ科ナシ亜属),Pyroideae
炭化材(ハイノキ属ハイノキ節),"Symplocos sp., Symplocos sp. Section "
炭化材(散孔材？),
炭化材(広葉樹･樹皮),Angliosperms
炭化材(コナラ属アカガシ亜属 シイノキ属 広葉樹(散孔材)),"Quercus subgenus Cyclobalanopsis, Castanopsis sp., Angliosperms"
炭化材(カヤコナラ属アカガシ亜属 広葉樹(散孔材) 広葉樹(樹皮)),Angliosperms
炭化材(イヌガヤ･スダジイ),"Cephalotaxus harringtonia, Castanopsis sieboldii subsp. sieboldii"
炭化材(シイノキ属近似種),Castanopsis sp.
貝(ダンドクメンガイ),Spondylus sinensis
炭化材(ふいごの羽口付)(コナラ属アカガシ亜属),Quercus subgenus Cyclobalanopsis
炭化種実(イネ科),Poaceae
(土壌混じり)炭化物,
有機物質土壌,
土器内付着炭化物,
腐植質砂層,
亜炭？,
炭化材(ナシ亜属),Pyroideae
炭化材(ツバキ属近似種),Camellia sp.
堆積物(土壌),
木材(丸木舟:センダン),Melia azedarach
木材(竹),Bambusoideae
ボーリングコア,
木材(シイ属),Castanopsis sp.
木片(クスノキ),Cinnamomum camphora
土壌(炭化物混),
生材(杭),
貝(アワビ),Haliotis 
骨(コラーゲン)(牛),Bos taurus
骨(コラーゲン)(馬歯),Equus caballus
砥石付着炭化物,
種子(ヒョウタン果皮),Lagenaria siceraria (var. gourda Makino)
樹木(シャシャンボ),Vaccinium bracteatum
植物片(茎または根),Plantae (stem)
人骨(骨片),Homo sapiens
人骨(椎骨),Homo sapiens
人骨(四肢骨片）,Homo sapiens
人骨(肋骨･手骨),Homo sapiens
人骨(肋骨･椎骨),Homo sapiens
骨片(動物骨),Animalia (bone)
貝殻(スガイ),Lunella coreensis
土器外面付着炭化物,
種子(チャンチンモドキ),Choerospondias axillaris​
木製品,
生材(根),Plantae (root)
炭化材(小片複数),
貝(スガイ),Lunella coreensis
貝(イシダタミガイ),Monodonta confusa
炭化植物(ピート),
黒褐色シルト,
木材片,
有機質製品,
植物質遺物,
炭化材(コナラ属コナラ亜属の一種:ブナ科),"Quercus sp., Quercus subgen. Quercus, Fagaceae"
イチイガシ果実,Quercus gilva
骨(歯) ウマ 歯牙片,Equus caballus
杭(クリ),Castanea crenata
生材(シイノキ属),Castanopsis sp.
炭化材(1-5y),
炭化材(6-10y),
炭化材(11-15y),
炭化材(16-20y),
炭化材(21-25y),
炭化材(26-30?y),
土器付着炭化物(煤類),
土器付着炭化物(吹きこぼれの可能性大),
堅果類(オニグルミ),Juglans mandshurica
堅果類(イチイガシ),Quercus gilva
編物(ヒゴ材),Camellia japonica
堅果(ドングリ),Quercoideae (Quercus / Castanopsis / Lithocarpus / Cyclobalanopsis)
貝殻(シジミ),Corbiculidae
貝殻(アゲマキ),Sinonovacula sp.
堅果(イチイガシ),Quercus gilva
堅果(クヌギ),Quercus acutissima
堅果(オニグルミ),Juglans mandshurica
木杭(K22666),
木杭(K20011),
堅果(ナラガシワ）,Quercus aliena
編物(AM2250),
板状製品,
編物,
堅果(ナラガシワ),Quercus aliena
編物②,
植物素材束(ツヅラフジ),Sinomenium acutum
木製品(容器未製品),
編物②(ムクロジ),Sapindus mukorossi
編物①,
ドングリ果皮,Quercoideae (Quercus / Castanopsis / Lithocarpus / Cyclobalanopsis)
黒褐色土層中の木片,
木材(柱材:ハイノキ属),Symplocos sp.
木材(木杭:広葉樹),Angliosperms
種子(エゴノキ1個),Styrax japonicus
生材(自然木),
生材(木杭),
貝殻(ハイガイ①),Tegillarca granosa
貝殻(ハイガイ②),Tegillarca granosa
倒木(ヤマグワ),Morus australis
貝殻(ハイガイ③),Tegillarca granosa
貝殻(カキ①),Pteriomorphia
貝殻(カキ②),Pteriomorphia
貝殻(カキ③),Pteriomorphia
ハイガイ(H1),Tegillarca granosa
ハイガイ(H2),Tegillarca granosa
ハイガイ(H3),Tegillarca granosa
イチイガシ,Quercus gilva
堅果果皮,Plantae (nut)
堅果類,Plantae (nut)
アゲマキ,Sinonovacula sp.
ハイガイH1,Tegillarca granosa
ハイガイH2,Tegillarca granosa
ハイガイH3,Tegillarca granosa
カキO1,Ostreoidea
カキO2,Ostreoidea
木杭K22666,
木杭K20011,
ナラガシワ(堅果),Quercus aliena
イチイガシ(堅果),Quercus gilva
AM2250(編物),
板材⑱,
編物一括,
素材束,
木製品①,
クヌギ(堅果),Quercus acutissima
アカガシ亜属(堅果類）,Quercus subgenus Cyclobalanopsis
コナラ属(堅果）,Quercus sp.
イチイガシ?(堅果),Quercus gilva
ハイガイ①,Tegillarca granosa
ハイガイ②,Tegillarca granosa
ハイガイ③,Tegillarca granosa
カキ①,Pteriomorphia
カキ②,Pteriomorphia
カキ③,Pteriomorphia
骨(シカ),Cervidae
骨(イノシシ),Sus scrofa
骨(イヌ),Canis (lupus) familiaris
炭化材(ムクノキ•2年輪),Aphananthe aspera
炭化材(コナラ属アカガシ亜属•1年輪未満),"Quercus sp., Quercus subgenus Cyclobalanopsis"
炭化材(広葉樹•1年輪未満),Angliosperms
炭化材(コナラ属アカガシ亜属•4年輪？),"Quercus sp., Quercus subgenus Cyclobalanopsis"
炭化材(コナラ属アカガシ亜属•1年輪),"Quercus sp., Quercus subgenus Cyclobalanopsis"
炭化物･土壌,
土器付着炭化物(外面),
種実(どんぐり),Quercoideae
土器付着炭化物(内面),
土器付着炭化物(内面底部),
炭化材(3年輪),
炭化物(草本類),Plantae (herbaceous)
炭化材(マツ属複維管束亜属･半径25mm),"Pinus sp., Pinus subgenus Pinus (diploxylon pines)"
スサ材,
貝(汽水産:ヤマトシジミ),Corbicula japonica 
貝(海水産:ハマグリ),Meretrix lusoria
貝(海水産:マガキ),Crassostrea gigas
生木(マタタビ属),Actinidia sp.
トチノキ子葉,Aesculus turbinata
木材(樹木),
樹木片(コナラ属コナラ節),Quercus sect. Quercus
樹木片(ユクノキ),Liriodendron tulipifera
ドングリの果皮,Quercoideae (Quercus / Castanopsis / Lithocarpus / Cyclobalanopsis)
樹木片(ヒイラギ),Osmanthus heterophyllus
樹木片(コナラ属アカガシ亜属),Quercus subgenus Cyclobalanopsis
木材（臼･クスノキ）,Cinnamomum camphora
果実(イチイガシ）,Quercus gilva
漆塗り土器の漆膜(赤褐色),
炭化種実(カラスザンショウ種子),Zanthoxylum ailanthoides
炭化種実(コムギ種子),Triticum sp.
炭化材(2年輪？:アカガシ亜属),Quercus subgenus Cyclobalanopsis
炭化材(6年輪:マツ属),Pinus sp.
炭化材(3年輪:針葉樹A),
土器付着物･内面(おこげ),
土器付着物･外面(ふきこぼれ),
炭化子葉(コナラ属),Quercus sp.
炭化種子(イネ･玄米),Oryza sativa
炭化子葉(イチイガシ),Quercus gilva
炭化種子(ササゲ属アズキ亜属アズキ型),Vigna angularis
炭化種子(イネ:玄米),Oryza sativa
生材(ムクノキ),Aphananthe aspera
生材(ネムノキ),Albizia julibrissin
貝殻(ハマグリ）,Meretrix lusoria
種実(ヒョウタン果実破片1点）,Lagenaria siceraria (var. gourda Makino)
アズキ,Vigna angularis
木材(リンボク),Prunus spinulosa
貝殻(マガキ･ハイガイ･サルボウガイ),"Crassostrea gigas, Tegillarca granosa, Anadara kagoshimensis"
木材(ハンノキ属の一種),Alnus sp.
球果(ヒメバラモミ),Picea maximowiczii
粒状炭化物,
炭化種実(ドングリ),Quercoideae (Quercus / Castanopsis / Lithocarpus / Cyclobalanopsis)
子葉(コナラ),Quercus serrata
炭化材(木片),
泥炭(炭化材:コナラ属コナラ節),Quercus sect. Quercus
炭化材(ブナ科コナラ属アカガシ亜属),"Quercus sp., Quercus subgenus Cyclobalanopsis"
種子(オニグルミの殻),Juglans mandshurica
植物種実,Plantae (seed)
土壌(黒褐色土),
貝(シオフキ),Mactra veneriformis
貝(ツメタガイ),Neverita didyma
貝(サルボウ),Anadara kagoshimensis
貝(カシパン),Astriclypeus manni
木材(ヒサカキ）,Eurya japonica
木材(ヒサカキ),Eurya japonica
木材(舟),
木材(大:スダジイ),Castanopsis sieboldii subsp. sieboldii
木材(小:シキミ),Illicium tashiroi (syn. Illicium anisatum)
塗膜片(漆?),
炭化材(薄板材),
炭化材(板材),
炭化材(角または丸材),
炭化材(丸材か),
炭化材(仮材),
炭化材(シロモジ節､クスノキ科),"Lindera section, Lauraceae"
炭化材(ヤマビワ､アワブキ科),"Meliosma rigida, Sabiaceae"
炭化材(ハマビワ､クスノキ科),"Litsea japonica, Lauraceae"
炭化材(シイ属､ブナ科),"Castanopsis sp., Fagaceae"
炭化材(アワブキ､アワブキ科),"Meliosma myriantha, Sabiaceae"
木材(カシ類),Quercus sp.
木材(サクラ属､1年輪目),Cerasus sp.
木材(サクラ属､17年輪目),Cerasus sp.
炭化材(ハイノキ節),Symplocos sp. Section 
種実(アカガシ-ツクバネガシ),Quercus acuta / Quercus sessilifolia
種実(イチイガシ),Quercus gilva
種実(イチイガシ）,Quercus gilva
炭化材(ヒサカキ属),Eurya sp.
炭化材(シロダモ属),Neolitsea sp.
木材(ノグルミ),Platycarya strobilacea
貝(イボキサゴ),Umbonium moniliferum
貝(オキシジミ),Cyclina sinensis
腐食土壌,
種実片(ドングリ類),Quercoideae (Quercus / Castanopsis / Lithocarpus / Cyclobalanopsis)
土壌混じりの炭化物,
炭化材含む土壌,
地積物,
土器付着スス,
木杭(マツ属),Pinus sp.
木杭(ハイノキ属),Symplocos sp.
木片(イスノキ),Distylium racemosum
木片(サカキ),Cleyera japonica
木片(ツブラジイ),Castanopsis cuspidata
木片(シキミ),Illicium tashiroi (syn. Illicium anisatum)
木片(ユズリハ属),Daphniphyllum sp.
獣骨片,Animalia (bone)
竹材,Bambusoideae
炭化物･材(シイノキ属),Castanopsis sp.
炭化材(12年輪･ツツジ科),Ericaceae
炭化材(コナラ族アカガシ亜属),"Quercus serrata, Quercus subgenus Cyclobalanopsis"
木材(タブノキ属),Machilus thunbergii
編組製品(アカガシ亜属),Quercus subgenus Cyclobalanopsis
炭化材(ツクバネウツギ属),Abelia sp.
木材(バラ属),Rosa sp.
木材(ハイノキ節),Symplocos sp. Section 
種実(ドングリ),Quercoideae (Quercus / Castanopsis / Lithocarpus / Cyclobalanopsis)
ネコ脛骨,Felis sp.
コムギ,Triticum sp.
炭化材(ハゼノキ類),Toxicodendron succedaneum
木材(マツ属複維束亜属),"Pinus sp., Pinus subgenus Pinus (diploxylon pines)"
炭化物(ドングリ),Quercoideae (Quercus / Castanopsis / Lithocarpus / Cyclobalanopsis)
炭化材（ネムノキ),Albizia julibrissin
土壌(黒色土),
土壌(暗青灰色土),
炭化コナラ属子葉,Quercus sp.
炭化鱗片,Plantae (scale)
木材(マツ属複維官束亜属,"Pinus sp., Pinus subgenus Pinus (diploxylon pines)"
堆積物(黒色土),
堆積物(黒褐色土),
炭化材(ヤマガキ),Diospyros kaki var. sylvestris
泥炭質土,
植物種子(ミクリ属),Sparganium sp.
炭化木,
土壌に含まれる有機物,
炭化物(ユリ科鱗茎),Liliaceae
炭化物(クリ？),Castanea crenata
炭化物(炭素量不足の為､周囲土壌を含めて測定),
土壌混炭化物,
炭化材(クリ材),Castanea crenata
土壌中炭化物,
炭化種実(イチイガシ),Quercus gilva
堆積土壌,
炭化種実(クマノミズキ),Cornus macrophylla
炭化物(動物の脂?),
炭化材(コナラ属コナラ節？),"Quercus sp., Quercus sect. Quercus"
炭化種実(ツブラジイ),Castanopsis cuspidata
炭化材(メダケ属ネザサ節),"Pleioblastus sp., Pleioblastus chino section"
炭化材(サクラ属）,Cerasus sp.
炭化種実(イチイガシ子葉片),Quercus gilva
炭化材(コナラ属コナラ亜科コナラ節･エゴノキ属),"Quercus sp., Quercus subgen. Quercus, Quercus sect. Quercus, Styrax sp."
炭化材2(コナラ属コナラ亜科コナラ節),"Quercus sp., Quercus subgen. Quercus, Quercus sect. Quercus"
炭化材(コナラ属コナラ亜科コナラ節),"Quercus sp., Quercus subgen. Quercus, Quercus sect. Quercus"
炭化材一括(コナラ属コナラ亜科コナラ節),"Quercus sp., Quercus subgen. Quercus, Quercus sect. Quercus"
炭化種実(ムギ類),Poaceae (large grain cereale)
炭化種実(ササゲ属),Vigna sp.
炭化材(ミズキ属?),Cornus sp.
炭化種実(マメ類),Fabaceae
炭化種実(コムギ･胚乳),Triticum sp.
炭化種実(オオムギ･胚乳),Hordeum vulgare
炭化種実(イネ･胚乳),Oryza sativa
炭化種実(ハマグリ･貝殻),Meretrix lusoria
炭化種実(マメ類･種子),Fabaceae
炭化種実(オオムギ?･胚乳),Hordeum vulgare
炭化種実(コナラ属･子葉),Quercus sp.
炭化種実(モモ･核),Prunus persica
炭化種実(ツブラジイ･子葉),Castanopsis cuspidata
炭化種実(ツブラジイ近似種･子葉),Castanopsis cuspidata
炭化物？,
炭化材?,
炭化材？,
炭化材片･炭化物片,
炭化種実(コキンバイザサ),Hypoxis aurea
炭化種実(アワ),Setaria italica
炭化材(マテバシイ),Lithocarpus edulis
炭化種実(タデ属サナエタデ節),Persicaria (sect. Persicaria)
炭化種実(バラ科),Rosaceae
炭化種実(コナラ属),Quercus sp.
炭化?種実(不明種実),Plantae (seed)
炭化種実(カヤツリグサ科),Cyperaceae
炭化物?,
炭化材(シキミ?),Illicium sp.
炭化種実(タデ属),Persicaria sp.
炭化材片(ヤマモモ),Morella rubra
炭化材片(シイ属),Castanopsis sp.
炭化材(クリ･スノキ属)(部位不明),"Castanea crenata, Vaccinium sp."
炭化材(部位不明),
炭化材(スノキ属)(部位不明),Vaccinium sp.
炭化植物遺体(部位不明),
炭化種実(多数),Plantae (seed)
炭化材(灰質),
炭化種実(ガマズミ属),Viburnum sp.
炭化材(広葉樹の節),Angliosperms
炭化材(未同定),
種実破片(ヒョウタン類),Lagenaria siceraria
炭化材(杭？),
堆積物(暗灰色粘土),
炭化材(クリ-コナラ属コナラ節),"Castanea crenata, Quercus sect. Quercus"
炭化材(コナラ属コナラ節コナラ節),"Quercus sp., Quercus sect. Quercus, Quercus sect. Quercus"
炭化材(ススキ属:直径3㎜),Miscanthus sp.
炭化材(クリ:1年輪分),Castanea crenata
炭化材(散孔材2),
炭化物(大),
炭化物(樹皮),
炭化種実(モモ･サクラ属),"Prunus persica, Cerasus sp."
貝殻(Ⅸ層),Mollusca
貝殻(Ⅵ層),Mollusca
ドングリ木片(Ⅺ層),Quercoideae (Quercus / Castanopsis / Lithocarpus / Cyclobalanopsis)
柱根,
炭(№19),
炭化材W1(ハンノキ節),Alnus sp. subgenus Alnus
種子(トウガン),Benincasa hispida
炭化種子(マメ類),Fabaceae
不明炭化子葉,Plantae (seed)
種実遺体(コナラ属),Quercus sp.
炭化材(アカガシ亜属またはクヌギ節),"Quercus subgenus Cyclobalanopsis, Quercus section Cerris [acutissima]"
炭化物(由来不明),
炭化物(植物遺体),
草木(葉),Plantae (leaves)
生木(ムクロジ),Sapindus mukorossi
炭化材(最外年輪),
炭化材(シイノキ属)中心部,Castanopsis sp.
炭化材(針葉樹4年輪分),Coniferae
炭化材(散孔材5年輪(外側)),
炭化材(2〜3年輪分),
炭化材(針葉樹フシ部約2〜3年輪分),Coniferae
杭(木材:コナラ属アカガシ亜属),Quercus subgenus Cyclobalanopsis
杭(木材:クリ),Castanea crenata
炭化材(樹種不明),
種実遺体(ヤブツバキ),Camellia japonica
貝(海洋性),Mollusca
土壌(貝混),Mollusca
炭化材(塊状),
炭化材(2片分割),
炭化材(マメ科サイカチ属サイカチ),"Gleditsia sp., Gleditsia japonica"
炭化材(ニレ科ニレ属),Ulmus sp.
炭化材A(ニレ科ニレ属)･炭化材B(ブナ科コナラ属アカガシ亜属),"Ulmus sp., Quercus sp., Quercus subgenus Cyclobalanopsis"
炭化材(アワブキ科アワブキ属),Meliosma sp.
炭化材(モチノキ科モチノキ属),"Aquifoliaceae, Ilex sp."
炭化材(クスノキ科クスノキ属ヤブニッケイ),"Cinnamomum sp., Cinnamomum yabunikkei"
炭化材(クスノキ科シロダモ属),Neolitsea sp.
炭化材(ミカン科キハダ属キハダ),"Phellodendron sp., Phellodendron amurense"
マメもしくはドングリ子葉,"Glycine / Vigna / Pisium / Vicia faba, Quercoideae (Quercus / Castanopsis / Lithocarpus / Cyclobalanopsis)"
木柱,
種実(マツ球果),Pinus sp.
種実(アズキ),Vigna angularis
種実(ヒシ),Trapa japonica (Trapa natans var. bispinosa)
炭化材(針葉樹？),
炭化材(広葉樹樹幹の材片),Angliosperms
炭化材(広葉樹？),
炭化材(クリ-コナラ節),"Castanea crenata, Quercus sect. Quercus"
炭化材(木炭粒),Plantae (seed)
炭化種実(アカガシ亜属),Quercus subgenus Cyclobalanopsis
微細な植物遺体,
微細な炭化物,
炭化物(№109),
炭化物混土(№35),
炭化種実(イネ･胚乳･穎),Oryza sativa
炭化材(クリ･イネ科タケ亜科),"Castanea crenata, Poaceae, Bambusoideae"
炭化種実(モミ),Abies firma
建築部材,
木材(ハイノキ属ハイノキ節),"Symplocos sp., Symplocos sp. Section "
木材(ユズリハ属),Daphniphyllum sp.
木材(イヌビワ属),Ficus sp.
木材(ネジキ),Lyonia ovalifolia
木材(シャシャンボ),Vaccinium bracteatum
種子(オニクルミ),Juglans mandshurica var. sachalinensis
種子(クスノキ),Cinnamomum camphora
樹木(イスノキ),Distylium racemosum
炭化木片（カラマツ属）,Larix sp.
土器付着物（外面頸部）,
土器付着物（内面口縁部）,
土器付着物（外面口縁部）,
土器付着物（外面頸部～胴上半）,
種実（不明種子・炭化植物遺体）,Plantae (seed)
種実（オオムギ種子・炭化植物遺体）,Hordeum vulgare
種実（エゾエンゴサク根茎・炭化植物遺体）,Corydalis fumariifolia subsp. azurea
炭化材（ヤナギ枝？）,Salix sp.
土器付着物（内面口縁）,
土器付着物（外面胴下半）,
土器付着物（外面口縁）,
炭化材（木炭・木釘状の細い枝）,
炭化材（木炭）,
炭化樹皮（壁材もしくは屋根材）,
炭化材（木炭・住居建築材）,
炭化材（木炭・柱材外周部）,
種実（オオムギ穎果・炭化植物遺体（0.21g））,Hordeum vulgare
種実（オニグルミ堅果皮片・炭化植物遺体（0.56g））,Juglans mandshurica
種実（ブドウ属種子・炭化植物遺体（0.12g））,Vitis sp.
種実（オニグルミ堅果皮片・炭化植物遺体（1.07g））,Juglans mandshurica
種実（オニグルミ堅果皮片・炭化植物遺体（1.01g））,Juglans mandshurica
種実（オニグルミ堅果皮片・炭化植物遺体（0.59g））,Juglans mandshurica
種実（オニグルミ堅果皮片・炭化植物遺体（0.52g））,Juglans mandshurica
種実（オニグルミ堅果皮片・炭化植物遺体（0.6g））,Juglans mandshurica
種実（草本茎・炭化植物遺体（0.51g））,Plantae (seed+stem)
炭化材（枝材・木炭（0.58g））,
種実？（クルミ片？）,Juglans sp.
炭化材（炭化樹皮・住居建築材）,
土器付着物（内面胴下半）,
土器付着物（内面口縁～胴上半）,
種実（オオムギ炭化種子）,Hordeum vulgare
種実（キビ塊片）,Panicum miliaceum
種実（クルミ片）,Juglans sp.
土器付着物（焦・口縁内）,
種実（クルミ殻）,Juglans sp.
フローテーション採集資料,
炭化材（樹種同定分析No.15、コナラ属コナラ亜属コナラ節）,"Quercus subgen. Quercus, Quercus sect. Quercus"
炭化材（樹種同定分析No.9、樹皮＝ハンノキ属）,Alnus sp.
土器付着炭化物（復元No.遺5）,
土器付着炭化物（復元No.遺10）,
土器付着炭化物（復元No.遺2）,
炭化物（材） フローテーション採集資料,
炭化物（材）,
炭化米（イネ）,Oryza sativa
炭化材（カマド内）,
炭化建材（消失材）,
動物歯牙（キツネ下顎犬歯）,Vulpes sp.
クルミ（未炭化）,Juglans sp.
土層（黒色土）,
炭化材（オニグルミ）,Juglans mandshurica
炭化材（ヤマグワ）,Morus australis
炭化材（カエデ属）,Acer sp.
炭化材（木材）,
炭化物（クルミ属内果皮）,Juglans sp.
樹木（生木樹皮の内側年輪）,
土器に付く炭化物,
クルミ属内果皮,Juglans sp.
ハンノキ属幹,Alnus sp.
コナラ属樹皮,Quercus sp.
ヤナギ属幹,Salix sp.
炭化木細粒,
炭化クルミ属内果皮片,Juglans sp.
炭化小枝,
木材（広葉樹枝）,
炭化草本（イネ科）,Poaceae
土器付着炭化物（深鉢胴内）,
土器付着炭化物（深鉢口縁外）,
土器付着炭化物（深鉢外面口縁部）,
土器付着炭化物（深鉢胴外口縁部）,
土器付着炭化物（深鉢口縁内）,
土器付着炭化物（口縁外）,
土器付着炭化物（胴外）,
土器付着炭化物（底内）,
土器付着炭化物（深鉢胴外）,
土器付着炭化物（深鉢底内）,
炭化物・種実（クルミ）,Juglans sp.
炭化物・材,
炭化物（イネ科）,Poaceae
炭化材（ヤナギ属）,Salix sp.
炭化材（コナラ）,Quercus serrata
有機性堆積物,
炭化材（広葉樹・タケ亜科・樹皮等）,Bambusoideae
炭化物（コナラ節）,Quercus sect. Quercus
カワシンジュガイ,Margaritifera margaritifera
炭化種子（イネ）,Oryza sativa
炭化種子（ヒエ属）,Echinochloa sp.
炭化種子（サクラ属）,Cerasus sp.
木製遺物,
炭化種子（クルミ属）,Juglans sp.
炭化物（土器口縁に付着）,
炭化果実,Plantae (fruit)
トクサ,Equisetum hyemale
鉄鍋付着土壌,
種子（ヤマブドウ）,Vitis coignetiae
種子（キハダ属）,Phellodendron sp.
漆塗椀片,
炭化物（クルミ核片）,Juglans sp.
炭化材（ニレ属）,Ulmus sp.
種実遺体オニグルミ,Juglans mandshurica
炭化材トネリコ属,Fraxinus sp.
炭化材コナラ属コナラ亜属コナラ節,"Quercus sp., Quercus subgen. Quercus, Quercus sect. Quercus"
炭化材広葉樹（環孔材）,Angliosperms
炭化材広葉樹,Angliosperms
炭化材サクラ属,Cerasus sp.
土器に付着した炭化物,
続縄文時代の焼土,
続縄文時代の焼土フローテーションサンプル,
畑跡フローテーションサンプル,
キセル・羅宇,Bambusoideae
シカ大腿骨,Cervidae
ヒラメ椎骨,Paralichthys olivaceus
土器付着炭化物深鉢（口縁内）,
土器付着物（深鉢口縁内）,
炭化材（棟木？）,
炭化材（細材）,
炭化材（垂木？）,
炭化材（構築材？）,
種実（クリ子葉）,Castanea crenata
炭化材No.310（トドマツ、内側から1年輪目）,Abies sachalinensis
炭化材No.310（トドマツ、内側から5年輪目）,Abies sachalinensis
炭化材No.310（トドマツ、内側から10年輪目）,Abies sachalinensis
炭化材No.310（トドマツ、内側から15年輪目）,Abies sachalinensis
炭化材No.310（トドマツ、内側から20年輪目）,Abies sachalinensis
炭化材No.310（トドマツ、内側から28年輪目）,Abies sachalinensis
炭化材No.104（キハダ、内側から1年輪目）,Phellodendron amurense
炭化材No.104（キハダ、内側から5年輪目）,Phellodendron amurense
炭化材No.104（キハダ、内側から10年輪目）,Phellodendron amurense
炭化材No.104（キハダ、内側から17年輪目）,Phellodendron amurense
炭化材（最外年輪である可能性高いが不確実）,
炭化材（最外年輪）,
樹皮（内側）,
カワシンジュガイ腹縁,Margaritifera margaritifera
砂岩板状礫（付着炭化材）（樹種不明・樹皮）,
炭化材片（針葉樹）最終形成年輪以外部位不明,Coniferae
骨（ヒグマ）頸骨,Ursus arctos
炭化材（トネリコ節）最終形成年輪、3年輪分,Fraxininae
炭化材（クリ、最終形成年輪、外側4年輪分）,Castanea crenata
炭化物（深鉢型土器1の底部に付着したスス）,
カゴ状炭化物,
木炭・炭化物,
炭化物・種実（ブドウ）,Vitis sp.
炭化物・材（枝）,
炭化物・材（小枝）,
炭化物・材（樹皮）,
炭化物・材（節）,
縄文晩期末緑ヶ丘式期土器付着物・内面（おこげ）,
貝殻（マガキ）,Crassostrea gigas
貝殻（ウバガイ）,Spisula sachalinensis
貝殻（オオノガイ）,Mya arenaria
土器内面付着物,
土器内面付着物（口縁部）,
土器内面付着物（口縁部下部）,
自然木(トネリコ属),Fraxinus sp.
埋もれ木,
木（杭）,
種実（クルミ）,Juglans sp.
木（細杭）,
木,
炭化物（ⅡB５土器付着）,
炭化物（ⅢB２土器付着）,
木（倒木）,
木（柵の縦木）,
貝（シジミ殻皮）,Corbiculidae
種子殻,Plantae (seed)
木片（樹皮）,
炭化クルミ属内果皮,Juglans sp.
堅果（クルミ属内果皮）,Juglans sp.
炭化物（堅果）,Plantae (nut)
炭化種子（クルミ内果皮）,Juglans sp.
炭化種子（不明）,Plantae (seed)
木製品（柱）,
堅果,Plantae (nut)
種実（オニグルミ）,Juglans mandshurica
ブドウ科種子,Vitaceae
クルミ属堅果,Juglans sp.
炭化種実（クルミ）,Juglans sp.
炭化材（上屋）,
炭化種実（アワ果実）,Setaria italica
炭化種実（キビ果実）,Panicum miliaceum
炭化材（トネリコ）,Fraxinus japonica
炭化物（冬芽）,Plantae (buds)
炭化物（クルミ属）,Juglans sp.
炭化物（コナラ属）,Quercus sp.
炭化物（アズキ）,Vigna angularis
炭化物（ウルシ科）,Anacardiaceae
炭化物（不明）,
炭化物（ブドウ科）,Vitaceae
炭化物（キビ）,Panicum miliaceum
炭化物（コムギ）,Triticum sp.
貝殻 ヤマトシジミ,Corbicula japonica 
炭化クルミ片,Juglans sp.
炭化材（環孔材）,
炭化種実（堅果類）,"Plantae (seed, fruit)"
生材（部位不明）,
生材（最外年輪）,
生材（シナノキ属、繊維状）,Tilia sp.
生材（トネリコ属、表面加工）,Fraxinus sp.
生材（ハリハギ、板材）,Kalopanax septemlobus
生材（ヤナギ属、丸木）,Salix sp.
生材（トネリコ属、丸木）,Fraxinus sp.
土壌に含まれる炭化物,
泥炭に含まれる植物片,
炭化植物遺体（草本）,Plantae (herbaceous)
炭化植物遺体（双子葉類）,
土器付着炭化物 内面（おこげ）試料を採取した土器：個体番号No.2,
木片（トネリコ属）,Fraxinus sp.
土壌に含まれる木片,
植物遺体（複数破片、炭化未炭化）,
炭化植物遺体（単子葉類）,
有機物片,
炭化材（針葉樹）,Coniferae
炭化材（散孔材）,
生の種実（オニグルミ核1点）,Juglans mandshurica
炭化材（ハコヤナギ属）,Populus sp.
生木（丸木）最終形成年輪,
生木（最終形成年輪 外側5年輪分）,
生木 1-5年輪（最終形成年輪）,
生木 121-125年輪,
生木 186-190年輪,
生木 236-240年輪,
炭化材（オニグルミ(5)）,Juglans mandshurica
炭化材（カエデ属(5)）,Acer sp.
炭化材（ニレ属(5)）,Ulmus sp.
炭化材（ヤナギ属(4)）,Salix sp.
炭化物（土器内付着）,
未炭化ブドウ属種子,Vitis sp.
炭化タデ科種子,Polygonaceae
炭化ブドウ属種子,Vitis sp.
未炭化ナデシコ科・未炭化アカザ属,"Caryophyllaceae, Chenopodium sp."
土器付着炭化物（スス）,
炭化種実（ムギ類）,Poaceae (large grain cereale)
炭化物・種子,Plantae (seed)
炭化物・材（ブドウ属）,Vitis sp.
炭化物・材（コナラ節）,Quercus sect. Quercus
炭化物・植物遺体（単子葉類）,
炭化物・植物遺体（タケ亜科、稈）,Bambusoideae
炭化物・材（クリ）,Castanea crenata
炭化物・材（針葉樹）,Coniferae
炭化物・材（ハンノキ亜属）,Alnus sp. subgenus Alnus
種子 クルミ,Juglans sp.
木炭・木片,
炭化材 スノコ状？,
炭化材 土留め板？,
炭化種子（ブドウ科）,Vitaceae
炭化種子（コナラ属）,Quercus sp.
歯（シカ）,Cervidae
炭化種子 クルミ殻片,Juglans sp.
炭化物・種実,Plantae (seed)
炭化種子 クルミ核片,Juglans sp.
炭化種子 オオムギ,Hordeum vulgare
炭化種子 アズキ,Vigna angularis
炭化種子 コナラ属,Quercus sp.
東釧路Ⅱ式土器,
炭化材 コナラ亜属コナラ節 エゴノキ属,"Quercus subgen. Quercus, Quercus sect. Quercus, Styrax sp."
炭化建材？,
種子・堅果類？,"Plantae (seed, fruit)"
土器口縁内面に付着,
漆器椀塗膜,
生材（枝状）,
骨（ヒト頭蓋骨片）,Homo sapiens
土器付着炭化物（胴部外面）,
土器付着炭化物（口縁部外面）,
土器付着炭化物（胴部内面）,
骨（シカ左脛骨遠位端),Cervidae
貝（コタマガイ右殻）殻の腹縁,Macridiscus [Gomphina] melanaegis
土器付着炭化物（胴下部～底部内面）,
土器付着炭化物（口縁部内面）,
骨（シカ右下顎骨）,Cervidae
骨（シカ左下顎骨）,Cervidae
骨（シカ右前頭骨～角）,Cervidae
骨（シカ右上顎後臼歯）,Cervidae
獣骨（中柄）,Animalia (bone)
右肋骨,Animalia (bone)
左肋骨,Animalia (bone)
右骨盤,Animalia (bone)
左大腿骨,Animalia (bone)
オニグルミ堅果,Juglans mandshurica
漆椀塗膜片,
漆丸盆塗膜片,
漆塗膜片（No.6804小刀付着）,
炭化種子（クルミ核）,Juglans sp.
炭化種子（キハダ果実）,Phellodendron amurense
炭化種子（スモモ核）,Prunus salicina
炭化物（キハダ種子）,Phellodendron amurense
炭化物（コナラ属子葉）,Quercus sp.
木炭（トネリコ属）,Fraxinus sp.
炭化種実（マメ科）,Fabaceae
炭化種子（クルミ）,Juglans sp.
炭化種子（アワまたはヒエの胚乳）,"Setaria italica, Echinochloa esculenta"
炭化材（ヤナギ）,Salix sp.
炭化クルミ材,Juglans sp.
炭化物・材 クルミ,Juglans sp.
炭化物（炭化材と種実遺体（広葉樹オニグルミ）が混在）,Juglans mandshurica
炭化物（カエデ属）,Acer sp.
炭化物（炭化材と種実遺体（ヤマグワ、オニグルミ）が混在）,"Morus australis, Juglans mandshurica"
炭化種実（堅果片1片）,Plantae (nut)
土器付着炭化物（深鉢口縁部外面）,
土器付着炭化物（深鉢胴部外面）,
炭化植物片（花柱または柱頭）,Plantae
炭化材（キハダ）,Phellodendron amurense
土器付着炭化物（深鉢 口縁部外面）,
土器付着炭化物（深鉢 胴部外面）,
土器付着炭化物（貝殻文尖底 口縁部外面）,
土器付着炭化物（貝殻文平底 口縁部外面）,
土器付着炭化物（底部付近外面）,
土器付着炭化物（内外面）,
炭化材（丸木）,
堅果（炭化核、1片）,Plantae (nut)
土製品付着炭化物,
土器付着炭化物 炭質物,
住居内採取炭化物 炭化材（クリ）,Castanea crenata
住居内採取炭化物 炭質物,
遺構外採取炭化物 炭化材（クリ）,Castanea crenata
遺構外採取炭化物 炭化材（コナラ節）,Quercus sect. Quercus
炭化種実（堅果）,Plantae (nut)
土器付着炭化物（外面 後期初頭）,
炭化クルミ属堅果片,Juglans sp.
黒ボク様土壌,
炭化材 土器内面付着,
土器付着炭化物（底部内面）,
炭化材（環孔材。つる性木本）,
炭化材（コナラ属）,Quercus sp.
堅果（炭化クルミ？）,Juglans sp.
堅果（炭化コナラ？）,Quercus serrata
木炭（コナラ亜属コナラ節）,"Quercus subgen. Quercus, Quercus sect. Quercus"
木材（トネリコ属）,Fraxinus sp.
木材（イヌエンジュ）,Maackia amurensis
埴土,
イシガイ類？の殻皮,Unionida
暗灰色の土壌,
黒褐色の土壌,
泥炭中の未分解の植物体,
分解の進んだ植物遺体（草本）,Plantae (herbaceous)
分解質泥炭,
木炭（土器内部の土から検出）,
ヒト腓骨,Homo sapiens
炭化物（種子？）,Plantae (seed)
出土木（枝）,
出土木（葉）,Plantae (leaf)
出土木製品（軸）,
炭化物（クルミ？）,Juglans sp.
土器付着炭化物（深鉢・胴部内面）,
土器付着炭化物（深鉢・胴部外面）,
炭化材（遺物番号 炭1）,
炭化材（遺物番号 炭18）,
炭化材（遺物番号 炭3）,
炭化材（遺物番号 炭73）,
炭化材（遺物番号 炭17）,
炭化材（遺物番号 炭4）,
炭化材（遺物番号 炭6）,
笹類,Bambusoideae
炭化ブドウ,Vitis sp.
炭化コメ,Oryza sativa
炭化ヒエ,Echinochloa esculenta
炭化したスダレ状植物製品,
土壌(Humin),
炭化材（モミ属） 樹種同定白滝-84と同一個体,Abies sp.
シカの角,Cervidae
漆膜片,
炭化種子（堅果）,Plantae (nut)
貝殻（カワシンジュガイ）,Margaritifera margaritifera
炭化材（外側6年輪分）,
炭化種実（オニグルミ炭化核）,Juglans mandshurica
炭化材（外側2年輪分）,
炭化種実（タデ属炭化子葉、６粒）,Persicaria sp.
木炭（炭化材）,
木炭（炭化クルミ片）,Juglans sp.
炭化材（最終形成年輪）,
樹皮（一部未炭化）,
炭化植物遺体（タケ亜科）,Bambusoideae
炭化材（最終形成年輪以外。樹皮に近い部分を採取）,
樹皮（ほとんど未炭化）,
ヤマブドウ種子,Vitis coignetiae
オニグルミ 殻,Juglans mandshurica
土壌(炭化物混じりの粘土),
土壌(炭化物混じりの粘土)･炭化材(スダジイ),Castanopsis sieboldii subsp. sieboldii
炭化物(炭化種実？),Plantae (seed)
木片(ヤマグワ),Morus australis
炭化材？(コナラ属クヌギ節),Quercus section Cerris [acutissima]
炭化材？(マツ属複維管束亜属),Pinus subgenus. Pinus
炭化材(カシノキ属),Quercus sp.
コラーゲン(人骨),Homo sapiens
骨(ニホンジカ),Cervus nippon
虫,Insecta
種子(桃),Prunus persica
炭化種実(イネ炭化穎果),Oryza sativa
炭化種実(アズキ炭化種子),Vigna angularis
木片(ツガ),Tsuga sieboldii
木材(タケ亜科),Bambusoideae
緑青,
ウマ(上顎歯:歯の内部のエナメル質),Equus caballus
ウマの臼歯,Equus caballus
種実(イチイガシ果実),Quercus gilva
種実(コナラ属クヌギ節果実),Quercus section Cerris [acutissima]
種実(アラカシ果実),Quercus glauca
種実(コナラ属アカガシ亜属果実),"Quercus sp., Quercus subgenus Cyclobalanopsis"
木片(ヒノキ属類似）,Chamaecyparis sp.
木株,Plantae (root)
緑青錆,
生材(クスノキ),Cinnamomum camphora
微粒炭,
泥炭質堆積物,
木片(柱根片),
木片(根株:クスノキ),Cinnamomum camphora
炭化物混り土壌,
"炭化材(コナラ節,4年輪)",Quercus sect. Quercus
"炭化材(クヌギ節,4年輪)",Quercus section Cerris [acutissima]
鉄滓付着炭化物,
木杭№2,
木杭№3,
黒色粘土(7a層),
植物遺体(1a層),
植物片(マダケ属？),Phyllostachys sp.
植物(ヤダケ？),Pseudosasa sp.
炭化材(大径:アカガシ亜属),Quercus subgenus Cyclobalanopsis
炭化材(小径:アカガシ亜属),Quercus subgenus Cyclobalanopsis
赤ウルシ,Toxicodendron vernicifluum
木材(ハンノキ),Alnus japonica
杭材(マキ属),Podocarpus sp.
杭材(イヌガヤ),Cephalotaxus harringtonia
杭材(スギ),Cryptomeria japonica
杭材(コナラ属アカガシ亜属),Quercus subgenus Cyclobalanopsis
杭材(ツブラジイ),Castanopsis cuspidata
杭材(ムクノキ属:根材),Aphananthe sp.
土壌腐植,
獣骨,Animalia (bone)
炭化種実(イチイガシ果皮･子葉),Quercus gilva
炭化物（土壌）,
炭化材（樹皮無）,
炭化材（樹皮無・バラ科ナシ亜科）,Pyroideae / Maloidaceae
炭化材（樹皮無・アセビ）,Pieris japonica subsp. japonica
炭化材（樹皮無・コナラ属アカガシ亜属）,Quercus subgenus Cyclobalanopsis
板状鉄斧,
土器付着炭化物（甕・脚部外面）煤類,
土器付着炭化物（甕・肩～胴部外面）煤類,
土器付着炭化物（甕・口縁部外面）ふきこぼれ,
生材（丸太）,
炭化物・材（草本類）,Plantae (herbaceous)
草本由来の炭化物,Plantae (herbaceous)
炭化種子 マメ,Glycine / Vigna / Pisium / Vicia faba
炭化種子 イネ胚乳,Oryza sativa
炭化種子 オニグルミ,Juglans mandshurica
炭化種子 ドングリ類,Quercoideae (Quercus / Castanopsis / Lithocarpus / Cyclobalanopsis)
炭化材：バラ属,Rosa sp.
炭化材：マツ属複維管束亜属,Pinus subgenus. Pinus
炭化材：広葉樹（散孔材）,Angliosperms
炭化材：広葉樹（節部分）,Angliosperms
若年枝（クヌギ節）,Quercus section Cerris [acutissima]
炭化材（マツ属複維管束亜属）,Pinus subgenus. Pinus
木片（広葉樹）,Angliosperms
土壌（黒灰色粘質土）,
木材（根張り株）,Plantae (root)
ケヤキ材,Zelkova serrata
スダジイ材,Castanopsis sieboldii subsp. sieboldii
アカマツ材,Pinus densiflora
スギ材,Cryptomeria japonica
種実（コナラ属）,Quercus sp.
植物遺体（種子）,Plantae (seed)
土壌（ヒューミン）,
生材（クリ）辺材部,Castanea crenata
生の種実（コナラ属殻斗）,Quercus sp.
生材 最終形成年輪,
生材（カエデ属） 最終形成年輪以外、部位不明,Acer sp.
土器付着炭化物（壺胴部外面）,
生材（エノキ属） 年輪数116年（最終形成年輪は残っていなかった） 外側から1～5年輪目,Celtis sp.
生材（エノキ属） 年輪数116年（最終形成年輪は残っていなかった） 外側から56～60年輪目,Celtis sp.
生材（エノキ属） 年輪数116年（最終形成年輪は残っていなかった） 外側から111～115年輪目,Celtis sp.
生材 年輪数116年（最終形成年輪は残っていなかったが辺材部が残っていた） 外側から1～5年輪目 辺材部,
生材 年輪数116年（最終形成年輪は残っていなかったが辺材部が残っていた） 外側から66～70年輪目,
生材 年輪数116年（最終形成年輪は残っていなかったが辺材部が残っていた） 外側から136～140年輪目,
人骨（右距骨）,Homo sapiens
炭化材（ムクノキ）,Aphananthe aspera
木杭（針葉樹）最終形成年輪が残っている,Coniferae
生材（マツ属複維管束亜属、最終形成年輪）,"Pinus sp., Pinus subgenus Pinus (diploxylon pines)"
生材（ヒノキ、最終形成年輪）,Chamaecyparis obtusa
木材（コナラ節）,Quercus sect. Quercus
植物遺体混じり砂,
種実（マツ属）,Pinus sp.
アカガシ亜属,Quercus subgenus Cyclobalanopsis
木材（アカガシ亜属）,Quercus subgenus Cyclobalanopsis
生木（ヤナギ属）,Salix sp.
生木（イボタノキ属）,Ligustrum sp.
木材遺体（広葉樹）,Angliosperms
樹幹1,
樹幹2,
炭化材小片（アカガシ亜属）,Quercus subgenus Cyclobalanopsis
材（クリ）,Castanea crenata
生木（ムクノキ）,Aphananthe aspera
炭化材片（アカガシ亜属）,Quercus subgenus Cyclobalanopsis
炭化材片（サクラ属）,Cerasus sp.
炭片（アサダ属）,Ostrya sp.
炭片（イネ科）,Poaceae
生の種実（モモ、核、1点）,Prunus persica
生の材（針葉樹、4年輪）,Coniferae
炭化材（サカキ近似種）,Cleyera japonica
炭化材（サクラ属）,Cerasus sp.
炭片（マツ属複維管束亜属）,Pinus subgenus. Pinus
炭片（散孔材）,
炭化材片（コナラ節）,Quercus sect. Quercus
植物遺体（ほとんどが灰化）,
木材片（アカガシ亜属）,Quercus subgenus Cyclobalanopsis
木材片（ヤナギ属）,Salix sp.
木材（ヤナギ属）最外部の年輪,Salix sp.
木材（クリ）最外部の年輪,Castanea crenata
木材（杭）,
クヌギ節,Quercus section Cerris [acutissima]
ヒョウタン種子,Lagenaria siceraria (var. gourda Makino)
土器付着物（煤・甕胴外面）,
土器付着物（焦・甕胴内面）,
種実（ウリ種子）,Cucumis melo
種実（モモ核）,Prunus persica
木材（小枝）,
木材（加工木・広葉樹樹皮直下内側最外縁、5年材、両端加工）,Angliosperms
木材（自然木・樹幹最外縁）,
木材（自然木・枝最外縁）,
木材（竹皮・カゴ材）,Bambusoideae
木材（木っ端）,
土器付着物（煤・甕胴外）,
種実（ヘチマ種子？）,Luffa cylindrica
肋骨の破片（ゼラチンコラーゲン）,Animalia (bone)
炭化材（シイノキ属）,Castanopsis sp.
炭化材（サカキ）,Cleyera japonica
炭化材（アブラギリ）,Vernicia cordata
炭化材（タケ亜科）,Bambusoideae
種子（アカガシ近似種果実）,Quercus acuta
腐植質の砂層,
植物遺体（草本葉）,Plantae (leaves)
炭化材（ウツギ属）,Deutzia sp.
炭化材（スダジイ）,Castanopsis sieboldii subsp. sieboldii
炭化材（ツブラジイ）,Castanopsis cuspidata
木片（ハンノキ属ハンノキ亜属）,Alnus sp. subgenus Alnus
植物片（ナラガシワ果実）,Quercus aliena
木片（種類不明の広葉樹）,
土器付着炭,
木製品（鍬）,
埋没腐植土壌,
深鉢付着物,
木材（ヒノキ）,Chamaecyparis obtusa
炭化材（ヒノキ）,Chamaecyparis obtusa
植物（桃核）,Prunus persica
植物（ドングリ）,Quercoideae (Quercus / Castanopsis / Lithocarpus / Cyclobalanopsis)
有機物（甕内オコゲ）,
植物遺体（植物葉）,Plantae (leaves)
埋没腐植土層,
炭化材（最終形成年輪以外部位不明、外側3年輪分）,
炭化材（最終形成年輪以外部位不明、外側5年輪分）,
生材（針葉樹、最終形成年輪以外部位不明、外側10年輪分）,Coniferae
生材（針葉樹、最終形成年輪以外部位不明、外側5年輪分）,Coniferae
焼骨（哺乳類、白色）,Mammalia
炭化植物遺体（タケ亜科、稈）,Bambusoideae
生木：針葉樹（スギ科？）,"Coniferae, Cryptomeria japonica/Cupressaceae?"
生木：トガサワラ,Pseudotsuga japonica
木材（ムクノキ）,Aphananthe aspera
炭化材（マツ属）,Pinus sp.
炭化材（不明）,
乾燥樹皮,
煤状炭化物,
植物遺体（不明）,
種実（果実）クヌギ－アベマキ,Quercus acutissima / Q. variabilis
木材（コナラ属コナラ亜属コナラ節）,Quercus subgen. Quercus
木材（ツバキ属）,Camellia sp.
木材（コナラ属アカガシ亜属）,Quercus subgenus Cyclobalanopsis
樹皮（ヤナギ属）,Salix sp.
種子（ホタルイ属）,Schoenoplectiella sp.
種子（イヌガヤ）,Cephalotaxus harringtonia
生材（ヤマグワ）,Morus australis
生の種実（キハダ）,Phellodendron amurense
土器付着炭化物（壺外面）,
土器付着炭化物（深鉢外面）,
木材（マキ属）,Podocarpus sp.
木材（ヤマグワ）,Morus australis
木材（散孔材）,
木材（ムキノキ）,Aphananthe aspera (ムクノキ?) 
木材（マメ科）,Fabaceae
木材（ニワトコ）,Sambucus sieboldiana
木材（イヌガヤ）,Cephalotaxus harringtonia
木材（カヤ）,Torreya nucifera
木材（ケヤキ）,Zelkova serrata
木材（トチノキ、年輪42<、立株）,Aesculus turbinata
木材（コナラ属アカガシ亜属、年輪30<、立株）,"Quercus sp., Quercus subgenus Cyclobalanopsis"
木材（クリ、年輪20、倒木）,Castanea crenata
木材（コナラ属アカガシ亜属、年輪95、倒木）,"Quercus sp., Quercus subgenus Cyclobalanopsis"
木材（コナラ属アカガシ亜属、年輪80<、倒木）,"Quercus sp., Quercus subgenus Cyclobalanopsis"
木材（コナラ属アカガシ亜属、年輪64<、立株）,"Quercus sp., Quercus subgenus Cyclobalanopsis"
木材（ヤマグワ、年輪16<、立株）,Morus australis
木材（ヤマグワ、年輪12、立株）,Morus australis
土器付着炭化物（甕外面）,
樹皮（半割）,
樹根（エノキ属、根材、最外部3-4年）,Celtis sp.
杭（生木、アカガシ亜属、最外部2-3年）,Quercus subgenus Cyclobalanopsis
木材（ヤナギ属）,Salix sp.
樹木外輪,
イネ未炭化籾殻,Oryza sativa
木材（コナラ属コナラ亜属クヌギ節）,Quercus section Cerris [acutissima]
木材（ムラサキシキブ属）,Callicarpa sp.
木材（トウヒ属）,Picea sp.
木材（シャシャンボ）,Vaccinium bracteatum
トチノキ（種子）,Aesculus turbinata
コナラ属アカガシ亜属,Quercus subgenus Cyclobalanopsis
マダケ属,Phyllostachys sp.
マツ属複維管束亜属,Pinus subgenus. Pinus
みかん割材外,Citrus sp. [Citrus reticulata?]
杭材外側,
樹根樹皮,
植物遺体（アブラチャン：果実完形）,Lindera praecox
植物遺体（ナラガシワ：幼果完形）,Quercus aliena
クヌギ－アベマキ：果実完形,Quercus acutissima / Q. variabilis
植物遺体（クリ：果実破片）,Castanea crenata
植物遺体：草本類,Plantae (herbaceous)
木片（ヌルデ）,Brucea javanica
植物遺体：葉（イチイガシ）,Quercus gilva
木片（クリ）,Castanea crenata
種子（ムクロジ）,Sapindus mukorossi
木材片（ヤマグワ）,Morus australis
木材（広葉樹の当年枝）,Angliosperms
生材（モミ属）最外年輪,Abies sp.
生材（カバノキ属）最外年輪,Betula sp.
生材（アカガシ亜属 根）最外年輪,Quercus subgenus Cyclobalanopsis
小枝（ヤナギ属）,Salix sp.
木炭（マツ属複維管束亜属）最外～5年輪,"Pinus sp., Pinus subgenus Pinus (diploxylon pines)"
木炭（マツ属複維管束亜属）6～10年輪,"Pinus sp., Pinus subgenus Pinus (diploxylon pines)"
木炭（マツ属複維管束亜属）11～15年輪,"Pinus sp., Pinus subgenus Pinus (diploxylon pines)"
木炭（マツ属複維管束亜属）16～20年輪,"Pinus sp., Pinus subgenus Pinus (diploxylon pines)"
木炭（マツ属複維管束亜属）21～25年輪,"Pinus sp., Pinus subgenus Pinus (diploxylon pines)"
木炭（マツ属複維管束亜属）26～30年輪,"Pinus sp., Pinus subgenus Pinus (diploxylon pines)"
木炭（マツ属複維管束亜属）31～35年輪,"Pinus sp., Pinus subgenus Pinus (diploxylon pines)"
炭化材（カキノキ属、破片、樹皮無、年輪数9年、測定試料は外4年分）,Diospyros sp.
炭化材（サカキ、ミカン割状、樹皮無、年輪数14年以上、測定試料は外8年分）,"Cleyera japonica, Citrus sp. [? Citrus unshiu]"
炭化材（カエデ属、半歳状、樹皮有、年輪数3年、測定試料半割）,Acer sp.
炭化材（カキノキ属、破片5片、樹皮無、年輪数1年未満、測定試料は破片2片（5片中から同一種2片選択））,Diospyros sp.
炭化材（タケ亜科、破片、樹皮無、測定試料は全量）,Bambusoideae
炭化材（アカガシ亜属、ミカン割状、樹皮無、年輪数2～3年、測定試料は半割）,"Quercus subgenus Cyclobalanopsis, Citrus sp. [sometimes used for Citrus unshiu]"
炭化材（ツバキ属、ミカン割状、樹皮有、年輪数9年、測定試料は外5年分）,"Camellia sp., Citrus sp. [sometimes used for Citrus unshiu]"
土壌腐食,
生試料・材（最終形成年輪以外部位不明）,
生試料・材（最終形成年輪）,
生試料・材,
植物遺体（葉）,Plantae (leaf)
土器付着炭化物（深鉢胴部下部内面）,
土器付着炭化物（深鉢肩部外面）,
土器付着炭化物（深鉢胴部上半外面）,
土器付着炭化物（深鉢口唇～胴部上半外面）,
土器付着炭化物（深鉢胴部内面）,
炭化材（最終年輪以外部位不明）,
炭化物（部位不明）,
生試料（トチノキ果皮）,Aesculus turbinata
炭化材（広葉樹：散孔材）,Angliosperms
炭化材（クロウメモドキ属）,Rhamnus sp.
炭化材（モミ属）,Abies sp.
木片（ヒノキ、虫損のため遊離したような状態、最新年輪を含む4層ぶんよりも62年古い年輪を含む4層ぶん）,Chamaecyparis obtusa
木片（ヒノキ、虫損のため遊離したような状態、最新年輪を含む4層ぶん）,Chamaecyparis obtusa
炭化材（枝、径数mm、最終形成年輪）,
炭化種実（イネ種子）,Oryza sativa
炭化種実（コムギ）,Triticum sp.
炭化種実（破片）,Plantae (seed)
樹木（流木）,
木材（カシ）,Quercoideae (Quercus / Castanopsis / Lithocarpus / Cyclobalanopsis)
木材（流木）,
土器付着炭化物（深鉢胴部内面・焦）,
土壌（暗灰色シルト）,
土壌（有機質シルト）,
土壌（有機質シルト、砂混じり）,
木（株）,Plantae (root)
炭層,
木（根株・エゴノキ属）,Styrax sp.
木（根株）,Plantae (root)
木材（マツ属複維管束亜属）,Pinus subgenus. Pinus
人骨（頭骨）,Homo sapiens
人骨（歯）,Homo sapiens
木材（乾燥）,
炭化材（自然乾燥）,
炭化材・木材,
木材・土壌（腐植質粘土）,
土壌（腐植質粘土）,
木片（ヒノキ属）,Chamaecyparis sp.
木片（スギ）,Cryptomeria japonica
クロマツ（球果1個体）,Pinus thunbergii
自然木（ムクロジ）,Sapindus mukorossi
漆片,
生木（ミズキ属）,Cornus sp.
生木（タイミンタチバナ）,Myrsine seguinii
生木（マツ属複維管束亜属）,Pinus subgenus. Pinus
生木（サカキ）,Cleyera japonica
生木（スダジイ）,Castanopsis sieboldii subsp. sieboldii
生木（ハイノキ属ハイノキ節）,"Symplocos sp., Symplocos sp. Section "
生木（ヒサカキ）,Eurya japonica
生木（ツバキ属）,Camellia sp.
植物遺体（草本類）,Plantae (herbaceous)
マツ類の毬果,Pinus sp.
植物片（葉）,Plantae (leaf)
種実（エゴノキ）,Styrax japonicus
炭化材（未同定）,
生木（クヌギ節）,Quercus section Cerris [acutissima]
生木（コナラ節）,Quercus sect. Quercus
植物片（地下茎）,Plantae (root)
材混じり土壌,
材（モミ属）,Abies sp.
生材（枝？年輪数不明）,
生の植物遺体（草本 節？）,Plantae (herbaceous)
木材片（サカキ）,Cleyera japonica
木材（最外年輪）,
木材片（マツ属複維管束亜属）,Pinus subgenus. Pinus
木材片（スギ）,Cryptomeria japonica
木材片（コウヤマキ）,Sciadopitys verticillata
藍胎（草本遺体）,"indigo body (is this Persicaria tinctoria), herbaceous stems"
木材片（コナラ亜属コナラ節）,"Quercus subgen. Quercus, Quercus sect. Quercus"
タブノキ,Machilus thunbergii
生材（最外年輪（2年輪分））,
生材（最外年輪？）,
生材（マツ属複維管束亜属）,Pinus subgenus. Pinus
焼骨 頭蓋骨,Animalia (bone)
焼骨 部位不明,Animalia (bone)
亜泥炭,
古土壌,
炭（植物遺体）,
植物遺体（腐植）,
材（流木）,
材（杭）,
杭（ヒノキ）,Chamaecyparis obtusa
根株（アカガシ亜属）,Quercus subgenus Cyclobalanopsis
柱材（最外縁）,
柱材（11年輪目）,
柱材（21年輪目）,
柱材（最外縁（クヌギ？））,Quercus acutissima
柱材（最外縁（杭））,
土器付着炭化物（口縁外面）,
土器付着炭化物（胴内面）,
土器付着炭化物（胴外面）,
土器付着炭化物（胴部下位外面）,
土器付着炭化物（胴部上位外面）,
土器付着炭化物（胴部下部外面）,
木片（アカガシ亜属の根）,Quercus subgenus Cyclobalanopsis
イヌガヤ（樹皮）,Cephalotaxus harringtonia
イヌガヤ（樹芯）,Cephalotaxus harringtonia
サルノコシカケ（樹木）,Polyporaceae
木材（モミ属）,Abies sp.
木材（樹皮）,
柱材（同定不能）,
柱材（コウヤマキ）,Sciadopitys verticillata
土壌（有機質粘土）,
炭化物・材（最外以外年輪）,
生試料・材（最外以外年輪）,
生試料・材（最外年輪）,
生果実（クサネム）,Aeschynomene indica
土器付着物・甕外面（煤類）,
生材（立木）,
自然木（ケヤキ）,Zelkova serrata
土器付着物（口縁部外側）甕,
植物遺体（草本遺体）,Plantae (herbaceous)
土器内面付着物（内容物）,
柱根（コナラ節）,Quercus sect. Quercus
木片（ヤナギ属）,Salix sp.
炭化材（破片）,Plantae (wood)
土器付着物（煤類）壺,
炭化材（ムクノキ根材？）,Aphananthe aspera
炭化材（屋根材）,
木片（クワ属）,Morus sp.
炭化材（小片）,
土器付着物（煤類）焼石付着,
種実（モモ核）生試料,Prunus persica
木材（広葉樹（節））,Angliosperms
木材（クマシデ属イヌシデ節）,"Carpinus sp., Carpinus tschonoskii section"
土器付着物（口縁外面）,
木製椀,
卒塔婆,
導水管,
若木,
板材再加工杭,
立木,
根株,Plantae (root)
470杭列,
加工木,
焼木,
ヒシ,Trapa japonica (Trapa natans var. bispinosa)
shell,Mollusca
wood,
土器付着物（胴部外面）,
土器付着物（底部内面）,
堅果（コナラ属果実）,Quercus sp.
立木（広葉樹）,Angliosperms
材（クヌギ節）,Quercus section Cerris [acutissima]
立木（ヤマグワ）,Morus australis
材（流木：トネリコ属）,Fraxinus sp.
立木の根,Plantae (root)
種実（トチノキ果皮）,Aesculus turbinata
生試料・種実（ヒシ属）,Trapa sp.
炭化物・植物遺体,
炭化物・植物遺体（ヨシ属の茎）,Phragmites australis
生試料・植物遺体（草本遺体）,Plantae (herbaceous)
炭化物・植物遺体（草本遺体）,Plantae (herbaceous)
木製品（アスナロ）,Thujopsis dolabrata
木製品（ツバキ属）,Camellia sp.
木製品（ヒノキ科）,Cupressaceae
木製品（コナラ属アカガシ亜属）,Quercus subgenus Cyclobalanopsis
木製品（モミ属）,Abies sp.
炭化物 植物遺体（草本類）,Plantae (herbaceous)
生材（枝材）最外年輪,
生材（木片）,
生材（根株）,Plantae (root)
生材（板状木製品）,
生材（杭）最外年輪,
生材 最外年輪,
土器付着物（胴外面）,
土器付着物（胴内面）,
土器付着物（胴内下面）,
土器付着物（胴外上面）,
生材（立木；ヤナギ属）最外年輪,Salix sp.
生材（杭材；カヤ属）最外年輪,Torreya sp.
生材（カヤ）,Torreya nucifera
生材（アカガシ亜属）,Quercus subgenus Cyclobalanopsis
根を張った株,Plantae (root)
土器付着物（胴部内）,
土器付着物（口縁内）,
木製の杭（エノキ属）最外年輪,Celtis sp.
自然木？,
木製の杭（ヤナギ属）最外年輪,Salix sp.
土器付着物（浅鉢頸部外側）,
漆膜（漆塗鉢口縁外）,
木材（最外縁部）,
種子（イネ胚乳）,Oryza sativa
種子（ヒョウタン）,Lagenaria siceraria (var. gourda Makino)
植物遺体（草本）,Plantae (herbaceous)
炭化材(枝状）最外年輪部,
炭化種子（イネ胚乳）,Oryza sativa
生材（柱根、丸木）,
炭化種実（6片）,Plantae (seed)
生材（5年輪）最外年輪,
土器付着炭化物（甕胴部外面）,
植物片（ヨシ）,Phragmites australis
生材（ヤナギ属、12年輪）最外年輪,Salix sp.
有機質の堆積物,
生材（広葉樹）最外年輪（5年輪）,Angliosperms
生材 最外以外樹皮に近い部分を採取（5年輪）,
生材（木製品）,
葉、炭化種実破片,"Plantae (seed, leaf)"
炭化材（草本類）,Plantae (herbaceous)
生材（最終形成年輪）自然木・小枝,
生材（最終形成年輪）立木（自然木）外側3年輪分,
生材（辺材部）柱,
生材（最終形成年輪）柱,
生材（散孔材の根財）最終形成年輪,Plantae (root)
炭化材（枝材）最終形成年輪,
炭化材 最終形成年輪,
炭化材（環孔材）最終形成年輪,
炭化材（散孔材）最終形成年輪,
炭化材（クリ）最終形成年輪,Castanea crenata
杭（生のタケ亜科 桿）,Bambusoideae
生材（立木）最終形成年輪,
生材（根株）最終形成年輪,Plantae (root)
生材（杭）最終形成年輪,
生の種実（ヒョウタン種子）,Lagenaria siceraria (var. gourda Makino)
生の材（ブドウ属、枝あるいは幹）最終形成年輪～5年輪,Vitis sp.
土器付着炭化物（滋賀里Ⅰ式）深鉢胴部外面,
人骨（頭蓋骨）,Homo sapiens
人骨（長骨）,Homo sapiens
木材：ネジキ,Lyonia ovalifolia
木材：アカメガシワ,Mallotus japonicus
木材：マツ属複維管束亜属,Pinus subgenus. Pinus
木材：コナラ属アカガシ亜属,Quercus subgenus Cyclobalanopsis
木材：ツガ属,Tsuga sp.
木材：ムクノキ,Aphananthe aspera
木材：クスノキ科,Lauraceae
炭化材（コナラ亜属クヌギ節）,"Quercus subgen. Quercus, Quercus section Cerris [acutissima]"
炭化材（コナラ属アカガシ亜属）,Quercus subgenus Cyclobalanopsis
土壌（土壌有機物：フミン）,
生材（マツ属複維管束亜属）幹あるいは枝、最終形成年輪を含む2年輪分,"Pinus sp., Pinus subgenus Pinus (diploxylon pines)"
炭化材（樹種不明）幹あるいは枝 最終形成年輪を含む5年輪分,
生材（コウヤマキ）最終形成年輪以外 外側5年分,Sciadopitys verticillata
生材（コウヤマキ）辺材部 外側5年分,Sciadopitys verticillata
生材（コナラ属クヌギ節）1-5年輪目、辺材部を採取,"Quercus sp., Quercus section Cerris [acutissima]"
生材（コナラ属クヌギ節）16-20年輪目,"Quercus sp., Quercus section Cerris [acutissima]"
生材（コナラ属クヌギ節）31-35年輪目,"Quercus sp., Quercus section Cerris [acutissima]"
生材（コナラ属クヌギ節）46-50年輪目,"Quercus sp., Quercus section Cerris [acutissima]"
生材（マツ属複維管束亜属）1-5年輪目（辺材部）,"Pinus sp., Pinus subgenus Pinus (diploxylon pines)"
生材（マツ属複維管束亜属）16-20年輪目,"Pinus sp., Pinus subgenus Pinus (diploxylon pines)"
生材（マツ属複維管束亜属）31-35年輪目,"Pinus sp., Pinus subgenus Pinus (diploxylon pines)"
生材（マツ属複維管束亜属）41-45年輪目,"Pinus sp., Pinus subgenus Pinus (diploxylon pines)"
ボーリングコアから採取した試料,
炭化材（ハゼノキ類近似種）,Toxicodendron succedaneum
植物組織,Plantae (parenchyma)
炭化材（樹皮付き（アカガシ亜属））,Quercus subgenus Cyclobalanopsis
炭化材（樹皮付き（クスノキ科））,Lauraceae
炭化材（ヒサカキ）,Eurya japonica
炭化材（ブナ属）,Fagus sp.
木片（丸太材）,
木片（原材）,
生材（コナラ属アカガシ亜属） 1年輪目,Quercus subgenus Cyclobalanopsis
生材（コナラ属アカガシ亜属） 55年輪目,"Quercus sp., Quercus subgenus Cyclobalanopsis"
生材（コナラ属アカガシ亜属） 57-59年輪目,"Quercus sp., Quercus subgenus Cyclobalanopsis"
木材（自然木）,
植物（ヒシ）,Trapa japonica (Trapa natans var. bispinosa)
スギ材（側面）,Cryptomeria japonica
土器付着物（口縁外）,
土器付着物（胴外）,
加工土器片類 土器付着物（胴外）,
加工土器片類 土器付着物（口縁外）,
土器付着物（胴内下）,
土器付着物（胴内）,
土器付着物（口縁外・胴外）,
加工土器片類 土器付着物（胴内）,
木片No.1,
木片No.2,
木片No.3,
木片No.4,
木片No.5,
木片No.6,
木片No.7,
木片No.8,
木片No.9,
炭化材C,
炭化材D,
炭化材A,
炭化材B,
炭化胚乳（オオムギ）,Hordeum vulgare
昆虫遺体,Insecta
植物遺体（木片）,
生材（ヒノキ）,Chamaecyparis obtusa
生材（スギ）,Cryptomeria japonica
生材（ヤナギ属）,Salix sp.
木片（柱材）,
木片（転用材140）,
木片（転用材77b）,
木片（敷葉構成材）,Plantae (leaf)
木片（板状）,
木片（杭②小）,
炭化木片（自然木）,
木片（加工木）,
炭化植物遺体（双子葉植物）,
炭化材（トネリコ属根材）,Fraxinus sp.
炭化植物遺体（双子葉植物？）,
炭化種実（クリ-トチノキ子葉）,"Castanea crenata, Aesculus turbinata"
炭化種実（コナラ属子葉）,Quercus sp.
炭化種実（トチノキ子葉）,Aesculus turbinata
炭化種実（クリ子葉）,Castanea crenata
セタシジミ貝,Corbicula sandai
"土器付着炭化物（無文深鉢型土器胴部下部内面、お焦げ状に多量に付着）,SGMS-201a",
"土器付着炭化物（無文深鉢型土器胴部上部外面、スス状に付着）,SGMS-201b",
生材（クスノキ科）,Lauraceae
生材（ツバキ属）,Camellia sp.
生材（未同定）,
種実（トチノキ種子）,Aesculus turbinata
植物遺体（草本茎）,Plantae (herbaceous)
種実（ナラガシワ果実）,Quercus aliena
生材（コナラ節）,Quercus sect. Quercus
クリ属果皮,Castanea sp.
ヒシ属果皮,Trapa sp.
コナラ亜属果皮,Quercus subgen. Quercus
炭化材（スギ）,Cryptomeria japonica
炭化材（マツ属単維管束亜属）,Pinus subgenus Strobus
木片（コウヤマキ）,Sciadopitys verticillata
炭化材（コウヤマキ）,Sciadopitys verticillata
木片（アカガシ亜属）,Quercus subgenus Cyclobalanopsis
木片（コナラ節）,Quercus sect. Quercus
火葬骨,Animalia (bone)
炭化材片（微細片多数）,
カヤ状炭化物塊,Torreya nucifera
炭化材片（微細）,
モモ炭化核破片（1破片）,Prunus persica
コナラ属アカガシ亜属炭化子葉（1破片）,"Quercus sp., Quercus subgenus Cyclobalanopsis"
木材遺体,
煤（北帯スス）,
石炭,
生材（ヤナギ属）4年輪＋,Salix sp.
炭（木材）,
炭化材（アサダ）,Ostrya japonica
木材（クスノキ科）,Lauraceae
木材（コナラ属クヌギ科）,"Quercus sp., Quercus acutissima"
木材（コナラ属コナラ科）,"Quercus sp., Quercus aliena"
木材（ムクロジ）,Sapindus mukorossi
木材（クスノキ）,Cinnamomum camphora
木材（クヌギ節）,Quercus section Cerris [acutissima]
木材（サクラ属）,Cerasus sp.
土器付着炭化物（深鉢）,
木器（板）,
木器（杭）,
弥生土器（甕）,
弥生土器（壺）,
植物遺体（生試料・材（最外以外年輪））,
炭化材（枝）最外年輪,
炭化材最外年輪,
炭化（樹皮）,
土器外面付着煤（土師器甕）,
土壌（黒色粘土）,
木炭（最外年輪部）,
炭化材（広葉樹・散孔材）,Angliosperms
生材（木片）最外年輪（5年輪分）,
有機質,
堅果類（アカガシ亜属果実）,Quercus subgenus Cyclobalanopsis
ミカン割材（アカガシ亜属材）,"Citrus sp. [? Citrus unshiu], Quercus subgenus Cyclobalanopsis"
炭化物が混じる土壌,
黒漆膜,
木片（付木）,
木片（板）,
木片（杭）,
木片（横木）,
木片（根株）,Plantae (root)
木片（腐植体サンプル）,
貝(クロアワビ),Haliotis (Nordotis) discus
？,
貝(ベンケイガイ),Glycymeris albolineata
魚骨,Animalia (fish)
貝(メカイアワビ),Haliotis gigantea
貝(マダカアワビ),Haliotis madaka
貝(サザエ),Turbo sazae
貝(マルサルボウ),Anadara satowi [nipponensis]
貝(オキアサリ),Macridiscus [Gomphina] aequilatera/semicancellata
木片(ドングリ木片),Quercoideae (Quercus / Castanopsis / Lithocarpus / Cyclobalanopsis)
貝(イシマキガイ),Clithon retropictum
貝(カワニナ),Semisulcospira libertina
大型割截板材(ブナ),Fagus crenata
割截杭(イヌガヤ),Cephalotaxus harringtonia
丸杭(ブナ),Fagus crenata
丸杭,
丸杭(アカガシ),Quercus acuta
割截杭,
井戸枠板材(コウヤマキ),Sciadopitys verticillata
割截杭(ブナ),Fagus crenata
加工幹枝,
割截杭(アカガシ),Quercus acuta
柱根(マツ科マツ属)[二葉松類],"Pinaceae, Pinus sp., Pinus sp. dicotyledonous pines"
柱根(ニレ科ケヤキ属ケヤキ),"Zelkova sp., Zelkova serrata"
柱根(ブナ科シイ属),Castanopsis sp.
植物片(地下茎）,Plantae (root)
炭化物(炭化米?),Oryza sativa
炭化材(種類不明の針葉樹),Coniferae
炭化材(広葉樹のコナラ属アカガシ亜属),"Quercus sp., Quercus subgenus Cyclobalanopsis"
炭化材(広葉樹 スダジイ),Castanopsis sieboldii subsp. sieboldii
炭化材(広葉樹 クリ),Castanea crenata
炭化材片(針葉樹マツ属複維管束亜属）,"Coniferae, Pinus sp., Pinus subgenus Pinus (diploxylon pines)"
炭化材（マツの葉）,Pinus sp.
炭化材(マツ科）,Pinaceae
炭化材(アカガシ亜属）,Quercus subgenus Cyclobalanopsis
炭化材(ブナ科(コナラ節orクリ)),"Quercus sect. Quercus, Castanea crenata"
生木(スダジイ),Castanopsis sieboldii subsp. sieboldii
生木(クスノキ科),Lauraceae
生木(針葉樹の樹皮),Coniferae
炭化材(針葉樹片を含む微細な炭化物塊),Coniferae
炭化材(ヤマモモ),Morella rubra
木片(マツ属単維管束亜属),Pinus subgenus Strobus
木片(コナラ属コナラ亜属),Quercus subgen. Quercus
木片(ハンノキ属),Alnus sp.
植物(マツカサ),Scirpus mitsukurianus (マツカサススキ)
人骨(胸椎),Homo sapiens
炭化材(フサザクラ),Euptelea polyandra / pleiosperma
"炭化種実(トチノキ種子,1点)",Aesculus turbinata
材化石(マツ属単維管束亜属の一種･トウヒ属の一種),"Pinus sp., Pinus subgenus Strobus, Picea sp."
材化石(トウヒ属の一種),Picea sp.
炭化材(キハダ･イネ科タケ亜科),"Phellodendron amurense, Poaceae, Bambusoideae"
炭化材(カラスザンショウ),Zanthoxylum ailanthoides
炭化材(ヤマハゼ),Toxicodendron sylvestre
土器付着煤(炭化物),
歯(ウマ臼歯),Equus caballus
木製品(クリ),Castanea crenata
木製品(ヒノキ属の一種),Chamaecyparis sp.
木製品(スギ),Cryptomeria japonica
木製品(ヤブツバキ),Camellia japonica
木製品(マキ属の一種),Podocarpus sp.
木片･炭化木,
粘土質泥炭,
貝(カワシンジュガイ),Margaritifera margaritifera
動物歯(シカ属の左下顎第2小臼歯),Cervus sp.
骨片(大型哺乳類の長骨の骨幹部),Animalia (bone)
堆積物･腐食土壌,
腐食質粘土,
長骨片,Animalia (bone)
植物片(土付),
炭化物(土付),
樹皮(葺材),
カヤ?(壁材),Torreya sp.
木炭(北西主柱)(スダジイ),Castanopsis sieboldii subsp. sieboldii
木炭(南西垂木2)(ニガキ),Picrasma quassioides
木片(南西礎板) 最外1〜2年輪分,
木片(南地中梁) 最外2年輪分,
木片(北地中梁) 最外3年輪分,
木片(北西礎板) 最外2〜3年輪分,
木片(北中柱) 最外5年輪分,
木片(杭) 最外6〜7年輪分,
木片(杭) 最外2〜3年輪分,
桃核,Prunus persica
ワラ片,Plantae (stem)
ウマの歯,Equus caballus
植物遺体(草本:広葉樹2年生),Plantae (herbaceous)
生材(ヒサカキ),Eurya japonica
柱根(クリ),Castanea crenata
炭(微小),
炭化材(ヒノキ属類似),Chamaecyparis sp.
生材(ニレ属),Ulmus sp.
生材(イチイ?),Taxaceae
生材(ウツギ属),Deutzia sp.
生材(クスノキ科),Lauraceae
生材(モチノキ属),Ilex sp.
生材(クマノミズキ類),Cornus macrophylla
海洋性の貝(オキシジミ),Cyclina sinensis
生の種実(オニグルミ),Juglans mandshurica
生材(広葉樹樹皮),Angliosperms
生材(スダジイ),Castanopsis sieboldii subsp. sieboldii
草本類(イネ科),Poaceae
海洋性の貝(マガキ),Crassostrea gigas
生の種実(モモ核),Prunus persica
生の草本類(イネ科),Poaceae
生材(キイチゴ属),Rubus sp.
芯持生木(エノキ属?),Celtis sp.
炭化材片(スギ),Cryptomeria japonica
炭化材片(アカガシ亜属),Quercus subgenus Cyclobalanopsis
炭化材片(広葉樹),Angliosperms
炭化材片(サクラ属),Cerasus sp.
炭化材破片(ガマズミ属),Viburnum sp.
生材破片(スギ),Cryptomeria japonica
炭化材半裁状(ハゼノキ類),Toxicodendron succedaneum
生材破片(サクラ属),Cerasus sp.
炭化材まじり土壌,
炭化材(微細木片),
炭化材(エノキ),Celtis sinensis
種子(ダイズ),Glycine max
有機物混粘土,
ウルシ材,Toxicodendron vernicifluum
炭化材(土中炭片),
トチノミ,Aesculus turbinata
トチノミ?,Aesculus turbinata
木の葉,Plantae (leaf)
木炭(コナラ属コナラ節),Quercus sect. Quercus
木炭(クマシデ属イヌシデ節),"Carpinus sp., Carpinus tschonoskii section"
木炭(オニグルミ),Juglans mandshurica
木炭(ケヤキ),Zelkova serrata
炭化部材,
炭化炭,
種子(松笠),Pinophyta (pine cone)
堆積物?,
半炭化種子(オニグルミ),Juglans mandshurica
生木(根材･ニレ属),Ulmus sp.
板材,
土中炭,
木片(ヒノキ属),Chamaecyparis sp.
樹皮片,
木片(アカガシ亜属),Quercus subgenus Cyclobalanopsis
木片(マツ属:複維管束亜属),"Pinus sp., Pinus subgenus Pinus (diploxylon pines)"
生木(クスノキ属),Cinnamomum sp.
炭化材(シイノキ属?),Castanopsis sp.
炭化材(樹皮?),
炭化材(シイノキ科),Fagaceae
木炭(クマシデ節),Carpinus japonica section
木炭(マツ属複維管束亜属),Pinus subgenus. Pinus
木炭(カツラ属),Cercidiphyllum sp.
木炭(環孔材),
木炭(アカメガシワ),Mallotus japonicus
木炭(クスノキ科),Lauraceae
木炭(スダジイ),Castanopsis sieboldii subsp. sieboldii
生材(ムクロジ),Sapindus mukorossi
木片(土付),
生材(トリネコ属シオジ節),"Fraxinus sp., Fraxininae (Section Melioides sensu lato)"
生の草本(イネ科),Poaceae
生の種子(トチノキ),Aesculus turbinata
瘤(植物片),
スモモ(核),Prunus salicina
炭化材(シイノキ属類似),Castanopsis sp.
植物遺体(木炭),
火砕堆積物,
炭化種実(トチ),Aesculus turbinata
炭化木材,
植物片(クルミ1),Juglans sp.
植物片(クルミ2),Juglans sp.
炭化材(シキミ属),Illicium sp.
炭化材(マテバシイ属),Lithocarpus sp.
炭化種実(コナラ属アカガシ亜属子葉),"Quercus sp., Quercus subgenus Cyclobalanopsis"
炭化種実(イチイガシ果実),Quercus gilva
炭化材(広葉樹､散孔材),Angliosperms
炭化材(コナラ属アカガシ亜属､ニガキ),"Quercus sp., Quercus subgenus Cyclobalanopsis, Picrasma quassioides"
炭化材(広葉樹､環孔材),Angliosperms
炭化種実(カラスザンショウ),Zanthoxylum ailanthoides
炭化種実(アカメガシワ),Mallotus japonicus
炭化材片(クリ),Castanea crenata
炭化種実(堅果類),"Plantae (seed, fruit)"
植物質,
木炭(エノキ属ニレ科),"Celtis sp., Ulmaceae"
革,Mammalia
炭化材(小枝),
炭化材(枝),
自然流木,
建物柱材,
木片(芯),
木片(最外殻年輪),Mollusca
果皮片(トチノキ),Aesculus turbinata
生の種実(トチノキ未熟果),Aesculus turbinata
果実(アカガシ-ツクバネガシ),Quercus acuta / Quercus sessilifolia
垂木,
桁(梁?),
桁(梁),
広鍬?,
大足?,Animalia (bone)
三角板状木製品,
建築材?(杭),
ミカン割材,Citrus sp. [? Citrus unshiu]
生の種実(オニグルミ核),Juglans mandshurica
生の種実(トチノキ種子),Aesculus turbinata
生の種子(オニグルミ核),Juglans mandshurica
生材(小枝),
生の種実(エゴノキ核),Styrax japonicus
生の種実(イチイガシ果実),Quercus gilva
生の果実(アベマキ果実),Quercus variabilis
生の種実(アカガシ果実),Quercus acuta
生の植物遺体(草本),Plantae (herbaceous)
トチノキ果実片,Aesculus turbinata
サルノコシカケ,Polyporaceae
編み物,
木材(枝),
種実(ヒョウタン),Lagenaria siceraria (var. gourda Makino)
種実(ナデシコ科ほか),Caryophyllaceae
炭化材(シロカシorウラジロガシ),"Lindera triloba, Quercus salicina"
骨(子牛),Bovidae (calf)
動物骨(鯨類),Cetaceans
炭化種子(アズキ),Vigna angularis
薄板(針葉樹の樹皮),Coniferae
杭(スギ),Cryptomeria japonica
曲物側板,
焼杭,
歯(ウマ),Equus caballus
泥炭･炭化物,
漆状有機物,
材(ヒサカキ),Eurya japonica
材(サカキ),Cleyera japonica
炭化材(トネリコ属クヌギ節),"Fraxinus sp., Quercus section Cerris [acutissima]"
貝片,Mollusca
巻貝,Mollusca
木材片(部位不明）,
貝殻(カワアイ),Cerithidea djadjariensis
貝(カワアイ),Cerithidea djadjariensis
木材片(部位不明),
貝殻(巻貝),Mollusca
木材片(枝材),
植物片(茎),Plantae (stem)
炭化材片(部位不明),
植物片(草本),Plantae (herbaceous)
種子(桃核),Prunus persica
スギ炭化材,Cryptomeria japonica
スギ生材,Cryptomeria japonica
アズキ炭化種子,Vigna angularis
針葉樹炭化片,Coniferae
スギ材(横板),Cryptomeria japonica
スギ材(杭),Cryptomeria japonica
葉片,Plantae (leaf)
炭化材(複数個体),
炭化材(散光材),
種実(クルミ核),Juglans sp.
木材(矢板),
木材(柱),
木材(横板;西),
木材(横板;東）,
木材（横板）,
木材（矢板）,
木材(芯材),
木材(杭),
種実(トチ果実),Aesculus turbinata
木片(横板材),
木片(矢板材),
木片(板材),
木片(丸太),
木片(粗朶),
木片(杭材),
種実(ムクロジ),Sapindus mukorossi
炭化物(炭化材),
炭化物(炭化材:クスノキ科),Lauraceae
炭化材(鉄滓付着),
黒色土(粘土質シルト),
歯(馬),Equus caballus
枝材,
埋れ木,
木材(クマシデ属イヌワシ節),Carpinus sp.
土器片付着炭化物,
木炭(コナラ属アカガシ亜属),Quercus subgenus Cyclobalanopsis
炭化物(木炭),
イシガニ(イシガニ科),Charybdis japonica
炭化材?木材?(コナラ属アカガシ亜属),Quercus subgenus Cyclobalanopsis
種実遺体(モモ),Prunus persica
木材(ススキ属の葉茎),Miscanthus sp.
炭化材(コナラ属アカガシ亜属･カキノキ属),"Quercus sp., Quercus subgenus Cyclobalanopsis, Diospyros sp."
材(針葉樹),Coniferae
動物骨(ウマ),Equus caballus
木材(マツ属),Pinus sp.
土壌?,
炭化材(水洗),
木材(散孔材6-7年輪分),
塗膜(漆?),
炭片(ブナ科),Fagaceae
炭化材(コナラ属コナラ節）,Quercus sect. Quercus
炭化材(針葉樹?枝材),
種実(アラカシ),Quercus glauca
土器付着炭化物(スス),
樹木(コナラ属アカガシ亜属),Quercus subgenus Cyclobalanopsis
樹木(コナラ属クヌギ節),Quercus section Cerris [acutissima]
樹木(マツ属複維管束亜属),Pinus subgenus. Pinus
サザエ,Turbo sazae
貝殻片(マガキガイ),Conomurex luhuanus
貝殻片(イトマキボラ),Pleuroploca trapezium
貝殻片(クロフモドキ?),Conus leopardus
貝殻片(シャコガイ),Tridacninae
貝殻片(シラクモガイ),Mancinella [Thais] armigera
貝殻片(サラサバティ),Rochia [Tectus] niloticus
貝殻片(アラヌノメガイ）,Periglypta reticulata
人骨(左内側楔状骨),Homo sapiens
人骨(上位左肋骨),Homo sapiens
炭化材(シイ属:オキナワジイ),"Castanopsis sp., Castanopsis sieboldii "
炭化材(マツ属複維管束亜属:リュウキュウマツ),"Pinus sp., Pinus subgenus Pinus (diploxylon pines), Pinus luchuensis"
炭化材(広葉樹:散孔材),Angliosperms
炭化材(フヨウ属ハマボウ節),"Hibiscus sp., Hibiscus hamabo (section)"
貝(海産:ミナミマガキ),Magallana bilineata [Crassostrea iredalei]
貝(汽水:カバクチカノコ),Neritina pulligera
貝(海産:カンギク?),Turbo coronoatus coronatus
貝(海産:マツヤマワスレ?),Callista chinensis
貝(海産:ギンタカハマ?),Tectus pyramis
貝(海産:マルスダレガイ科?),Veneridae
貝(海産:トコブシ･ナガラメ型),"Haliotis diversicolor [aquatilis] [Sulculus diversicolor supertexta], Haliotis diversicolor aquatilis"
貝(汽水:シレナシジミ?､貝器),Geloina expansa [yaeyamensis]?
海産貝類(ハイガイ),Tegillarca granosa
淡水貝類(カワニナ),Semisulcospira libertina
炭化物(固結化),
海産貝類(ハイガイ:固結化),Tegillarca granosa
汽水貝類(シレナシジミ),Geloina expansa [yaeyamensis]
カニ(腹節),Brachyura (crab)
陸産貝類(カタツムリ),Mollusca
海産貝類(マルスダレガイ科),Veneridae
カニ(鉗節),Brachyura (crab)
カニ(鉗脚),Brachyura (crab)
陸生貝類(カタツムリ),Mollusca
獣骨(ウシ下顎骨),Bovidae
海産貝類(ヒメジャコ),Tridacna crocea
海産貝類(マガキ),Crassostrea gigas
獣骨(イノシシ),Sus scrofa
炭化物(イノシシ骨付着),Sus scrofa
汽水貝類?(シレナシジミ?),Geloina expansa [yaeyamensis]?
サザエの蓋,Turbo sazae
炭化材(ヒイラギ?),Osmanthus heterophyllus
貝(モチツキザラ),Cyclotellina remies
貝(ヒメシャコガイ),Tridacna crocea
貝(シャゴウガイ),Tridacna maxima
貝(ヌノメガイ),Periglypta puerper
貝(ウラツキガイ),Codakia paytenorum
貝(クモガイ),Lambis lambis
サンゴ,Anthozoa (corals)
貝(チョウセンサザエ),Turbo (Marmarostoma) argyrostomus
炭化材(フカノキ),Schefflera heptaphylla
炭化材(クスドイゲ),Xylosma congesta
オオムギ,Hordeum vulgare
人骨(頭骨片),Homo sapiens
人骨(右上腕骨),Homo sapiens
人骨(左橈骨),Homo sapiens
人骨(脛骨),Homo sapiens
人骨(左尺骨),Homo sapiens
人骨(左下顎骨),Homo sapiens
人骨(左上腕骨),Homo sapiens
動物骨(イノシシ:上腕骨),Sus scrofa
動物骨(イノシシ:四肢骨片),Sus scrofa
イノシシ(上肢骨:肩甲骨),Sus scrofa
ネズミ(大腿骨),Rodentia
土器付着食物残渣,
葉(ヤブニッケイ),Cinnamomum yabunikkei
人骨( 第1号人骨）,Homo sapiens
歯(イノシシ犬歯),Sus scrofa
貝(オオツタノハ),Scutellastra [Patella] optima
貝(アマオブネ),Nerita albicilla
貝(巻貝),Mollusca
土壌中腐植,
貝(タカラガイの仲間),Cypraeidae?
貝(ヤコウガイ),Turbo marmoratus
貝(シレナシジミ:汽水産),Geloina expansa [yaeyamensis]
貝(カワニナ:淡水産),Semisulcospira libertina
貝(イモガイ:海産),Conoidea
貝(カタツムリ:陸産貝),Mollusca
貝(サザエ:海産),Turbo sazae
薄手土器,
人骨(右第1中足骨),Homo sapiens
人骨(腓骨),Homo sapiens
人骨(肋骨片),Homo sapiens
人骨(左大腿骨),Homo sapiens
イノシシ(橈骨),Sus scrofa
イノシシ(肋骨),Sus scrofa
イノシシ(右脛骨),Sus scrofa
イノシシ(下顎M3),Sus scrofa
イノシシ?(下顎骨),Sus scrofa
イノシシ(四肢骨),Sus scrofa
イノシシ(脛骨),Sus scrofa
イノシシ(頭骨片),Sus scrofa
イノシシ?(上顎骨),Sus scrofa
イノシシ(上顎骨),Sus scrofa
貝(シャコガイ),Tridacninae
イノシシ(大腿骨?),Sus scrofa
貝(サザエ:貝殻蓋),Turbo sazae
貝(イモガイ),Conoidea
イノシシ(下顎骨),Sus scrofa
人骨(下顎骨),Homo sapiens
人骨(肩甲骨),Homo sapiens
人骨(右側頭骨),Homo sapiens
人骨(頭頂骨),Homo sapiens
人骨(大腿骨?),Homo sapiens
イノシシ(左脛骨),Sus scrofa
イノシシ(中手/中足骨),Sus scrofa
イノシシ(右橈骨),Sus scrofa
イノシシ(右下顎骨+歯),Sus scrofa
イノシシ(右頭頂骨),Sus scrofa
イノシシ(右上腕骨),Sus scrofa
イノシシ(左上顎M2),Sus scrofa
イノシシ(右上顎骨+歯),Sus scrofa
イノシシ(左下顎骨+歯),Sus scrofa
イノシシ(左下顎C),Sus scrofa
イノシシ(右上顎P2),Sus scrofa
イノシシ(右上顎11),Sus scrofa
"イノシシ(左下顎P3,P4,M1)",Sus scrofa
ウシ(下顎骨+歯),Bos taurus
人骨(頭蓋冠),Homo sapiens
人骨(右頭頂骨片),Homo sapiens
人骨(右第2中足骨),Homo sapiens
人骨(左大腿骨上部),Homo sapiens
人骨(右腓骨骨体部片),Homo sapiens
人骨(後頭骨),Homo sapiens
炭化種子(タブノキ),Machilus thunbergii
炭化種子片,Plantae (seed)
種実果皮,"Plantae (seed, fruit)"
炭化材(イチジク属),Ficus sp.
炭化材(アカテツ属),Planchonella sp.
人骨(右第二中足骨),Homo sapiens
果実(シイノキ属),Castanopsis sp.
材片(バーキの材片),Theaceae or Betulaceae? バーキ [not found?]
炭化材(リュウキュウマツ),Pinus luchuensis
動物骨(ブタ:肋骨),Sus scrofa domesticus
骨(ブタ肋骨),Sus scrofa domesticus
人骨(左肋骨),Homo sapiens
人骨(指骨),Homo sapiens
木片(イチジク属オオイタビ節),"Ficus sp., Ficus section (subgenus Synoecia)"
炭化材(炭質物),
炭化材(マツ属複維管束亜属:節),Pinus subgenus. Pinus
動物骨(ウマ:下顎骨),Equus caballus
動物骨(イノシシ:下顎骨R),Sus scrofa
炭化種実(コムギ:炭化胚乳完形),Triticum sp.
炭化材(ヒルギ科?),Rhizophoraceae
炭化材(ヤシ科またはタコノキ科),"Pinaceae, Pandanaceae"
骨(イノシシ上腕骨),Sus scrofa
骨(イノシシ臼歯),Sus scrofa
人骨細片,Homo sapiens
貝(オオシラナミ),Tridacna maxima
骨(ヒト:乳児大腿骨 ),Homo sapiens
骨(ヒト:幼児肋骨),Homo sapiens
骨(ヒト:成人上顎切歯),Homo sapiens
炭化種実(イネ･コムギ･アワ･マメ科),"Oryza sativa, Triticum sp., Setaria italica, Fabaceae"
炭化種実(コムギ:胚乳),Triticum sp.
炭化種実(オオムギ･コムギ),"Hordeum vulgare, Triticum sp."
炭化種実(イネ:胚乳),Oryza sativa
化石マイクロアトール,Anthozoa
生材(サガリバナ?),Barringtonia racemosa
炭化材?(樹皮?),
炭化核(エゴノキ),Styrax japonicus
サガリバナ生材,Barringtonia racemosa
炭化材(広葉樹:樹皮),Angliosperms
種実(堅果?)生材,"Plantae (seed, fruit)"
植物生材(樹皮),
サキシマスオウ生材,Heritiera littoralis
炭化材(ヒルギ科),Rhizophoraceae
植物生材(散孔材),
植物生材,
草本類生材,Plantae (herbaceous)
トウガタガイ科オオシイノミクチキレ(Milda ventricosa),"Pyramidellidae, Milda ventricosa, Milda ventricosa"
マルスダレガイ科ヌノメガイ(Periglypta puerpera),"Veneridae, Periglypta puerper, Periglypta puerpera"
フトコロガイ科フトコロガイ(Euplica versicolor),Euplica versicolor
腹足綱貝類の螺軸,Mollusca
オニノツノガイ科オオシマカニモリ(Clypeomorus subbrevicula),"Cerithiidae, Clypeomorus subbrevicula, Clypeomorus subbrevicula"
ウニ(棘),Echinoidea (sea urchin)
トウガタカワニナ科ヌノメカワニナ(Melanoides tuberculata Muller),Melanoides tuberculata
サキシマスオウ炭化材,Heritiera littoralis
炭化材(サガリバナ),Barringtonia racemosa
サガリバナ生根材,Barringtonia racemosa
炭化材(落葉広葉樹か),
炭化材(柱かクリ?),Castanea crenata
炭化材(枝状),
土器付着物・胴下部内,
土器付着物・口縁内面,
種実(ニワトコ属),Sambucus sp.
炭化種子(堅果類果皮),Plantae (nut)
種実(クルミ?),Juglans sp.
種実(シイ),Castanopsis sp.
種実(シイ?),Castanopsis sp.
種実(アサ果実),Cannabis sativa
幹材(サワラ),Chamaecyparis pisifera
枝材(泥炭層中部),
根材,Plantae (root)
炭化材(針葉樹か?),
種実（クルミ殻皮）,Juglans sp.
炭化材（散孔材?）,
炭化種実（クルミ殻皮）,Juglans sp.
種実（ドングリ?）,Quercoideae (Quercus / Castanopsis / Lithocarpus / Cyclobalanopsis)
種実（ドングリ?殻皮）,Quercoideae (Quercus / Castanopsis / Lithocarpus / Cyclobalanopsis)
貝(イタボガキ),Ostrea denselamellosa
土器付着物・胴内面,
土器付着物・胴下内面,
炭化材（タケ）,Bambusoideae
炭化材（クヌギ属?樹幹）,Quercus sp.
炭化材（クヌギ属?枝）,Quercus sp.
土器付着物・胴内,
土器付着物・底内,
炭化材(火災住居垂木樹幹:コナラ?),Quercus serrata
炭化種実（アズキ類 種子）,Vigna angularis
炭化種実(オニグルミ 核),Juglans mandshurica
炭化種実(クリ? 子葉),Castanea crenata
土器付着炭化物(雑穀?）,Poaceae (Paniceae)
炭化種実（オオムギ炭化穎果）,Hordeum vulgare
炭化種実（イネ炭化穎果）,Oryza sativa
炭化材(木炭),
炭化材(エゴノキ),Styrax japonicus
炭化材(イネ科タケ亜種),Bambusoideae
炭化種実(トチ:果皮),Aesculus turbinata
炭化種実(シイ:果実),Castanopsis sp.
種実(ドングリ:アラカシ),"Quercoideae (Quercus / Castanopsis / Lithocarpus / Cyclobalanopsis), Quercus glauca"
土器付着煤? ドングリ?,Quercoideae (Quercus / Castanopsis / Lithocarpus / Cyclobalanopsis)
貝殻（ヤマトシジミ）,Corbicula japonica 
木材（流木?）,
板材（カヤ）,Torreya nucifera
杭材（針葉樹）,Coniferae
炭化材(針葉樹か・樹幹),
堅果類植物遺体(コナラ属),Quercus sp.
堅果類植物遺体(アラカシ近似種),Quercus glauca
堅果類植物遺体(アカガシ亜属),Quercus subgenus Cyclobalanopsis
堅果類植物遺体(アカガシ-ツクバネガシ),Quercus acuta / Quercus sessilifolia
堅果類植物遺体(アカガシ),Quercus acuta
種実(トチノキ:種子),Aesculus turbinata
種実(クルミ:核),Juglans sp.
種実(アカガシ亜属:果実),Quercus subgenus Cyclobalanopsis
種実(コナラ属:果実),Quercus sp.
種実(オニグルミ:核),Juglans mandshurica
種実(マツ科:球果),Pinaceae
種実(クリ:核),Castanea crenata
種実(クリ:果実),Castanea crenata
丸木弓(イヌガヤ),Cephalotaxus harringtonia
編物タテ材(スギ),Cryptomeria japonica
編物ヨコ材(スギ),Cryptomeria japonica
編物タテ材(マタタビ属),Actinidia sp.
編物ヨコ材(スギ根材),Cryptomeria japonica
編物タテ材(アスナロ),Thujopsis dolabrata
編物ヨコ材(アスナロ),Thujopsis dolabrata
種実(ナラガシワ:果実),Quercus aliena
種実(クヌギ:果実),Quercus acutissima
木炭(ハンノキ亜属),NA
木炭(トネリコ属),NA
木炭(ニレ属),NA
炭化物(ヨシ属),NA
木炭(カツラ),NA
炭化種子(ウメ核),NA
炭化種子(サワグルミ),NA
木炭(コナラ属コナラ節またはクリ),NA
木炭(カエデ属),NA
木炭(クリ･ブナ属),NA
木炭(クリ･ミズキ･クワ属),NA
炭化草本(ヨシ属),NA
炭化オニグルミ核,NA
炭化トチノキ種皮,NA
炭化クリ果皮,NA
炭化堅果類,NA
木炭(マタタビ科マタタビ属),NA
炭化クルミ核,NA
木炭(ヤナギ属),NA
木炭(ウコギ科ハリギリ属ハリギリ),NA
木炭(アスナロ),NA
炭化材(ハイノキ科ハイノキ属),NA
炭化材(モクセイ科トネリコ属),NA
炭化材(単子葉植物),NA
木炭(イネ科),NA
木炭(サワグルミ),NA
木炭(イヌガヤ),NA
木炭(ハンノキ属ヤシャブシ亜属),NA
木炭(ヒノキ科アスナロ属),NA
木炭(イチイ科イチイ属イチイ),NA
木炭(クワ科クワ属),NA
木炭(イネ科カヤ類),NA
木炭(イネ科タケ亜科),NA
木炭(モクセイ科トネリコ属),NA
木炭(マタタビ属),NA
木炭(ニシキギ属),NA
焼骨(大型陸獣),NA
焼骨(大型陸獣･中手/中足骨),NA
焼骨(大型陸獣･大腿骨),NA
焼骨(シカ?･基節骨),NA
焼骨(焼獣骨),NA
土器付着漆塗膜,NA
貝殻(アサリ),NA
炭化種実(クリ?),NA
生材･枝,NA
炭化オニグルミ,NA
ウネナシトマヤガイ,NA
シロスジフジツボ,NA
ツボミガイ,NA
炭化ミズキ,NA
ホソウミニナ,NA
ヌマコダキガイ,NA
ハナフジツボ,NA
木炭(コナラ節),NA
煤付着炉壁石,NA
炭化物(種実?),NA
炭化材(ケヤキまたはニレ属),NA
土壌(黒色部含む),NA
土器付着漆蝋,NA
獣骨(カモシカ) 右寛骨,NA
生の種実(スモモ核),NA
木片(コナラ属コナラ節),NA
木片(イチイ科またはイヌガヤ科),NA
木片(ニレ属),NA
炭化種実(コナラ炭化子葉),NA
炭化材(ミズキ),NA
炭化材(コナラ属アカガシアカガシ亜属),NA
炭化樹皮(カバノキ属),NA
炭化草本(タテ材) 炭化樹皮(カバノキ属),NA
炭化種子(アワ),NA
木材(クリまたはコナラ属コナラ節),NA
炭化材(サクラ属?),NA
炭化材(ツツジ科),NA
土器付着塗膜(漆),NA
木片(クリ近似種),NA
塗膜付着櫛破片,NA
木炭(サクラ属),NA
生材(ハンノキ亜属･根材),NA
炭化材(エノキ属近似種),NA
植物繊維(ヨシ?),NA
維管束植物痕跡,NA
木材(広葉樹樹皮),NA
炭化物(トチノキ),NA
漆(漆容器付着),NA
漆(土器付着漆塗膜),NA
種実(クルミ外殻),NA
種実(オニグルミ炭化内果皮片),NA
種実(ヒシ属果実破片),NA
種実(オニグルミ内果皮片),NA
種実(ハクウンボク内果皮),NA
種実(トチノキ炭化子葉片),NA
種実(クリ炭化子葉片),NA
種実(クヌギ炭化子葉),NA
種実(ミズキ内果皮),NA
種実(トチノキ幼果),NA
種実(トチノキ種皮),NA
種実(トチノキ種皮片),NA
犬骨(肋骨),NA
犬骨(左第3中足骨),NA
人骨(指骨(手、第4末節骨、第5末節骨)),NA
焼骨(ヒト頭蓋骨),NA
焼骨(ヒト四肢骨),NA
骨(炭化物),NA
植物片(桿あるいは地下茎),NA
炭化種実(ヒシ属果実),NA
木片(スギまたはヒノキ?),NA
貝(海洋性) シオフキ(L),NA
貝(海洋性) シオフキ(R),NA
貝(海洋性:ハマグリ) 部位:R,NA
貝(海洋性:ハマグリ) 部位:L,NA
貝(ツノガイ),NA
種実(ホタルイ果実),NA
生材(ハンノキ属?),NA
生材(広葉樹?),NA
二枚貝(マルスダレガイ目?),NA
ハンノキ翼果3点,NA
貝片(複数）,NA
イボウミニナ,NA
植物片集合体,NA
種実(コナラ殻斗),NA
イヌシデ果実,NA
ヒメコウゾ、アカメガシワ、タラノキ、ニワトコ、クサイチゴ、ヤマグワ種実,NA
抽出済コラーゲン(ヒト左大腿骨),NA
抽出済コラーゲン(ヒト左寛骨),NA
炭化種実(ブドウ属種子),NA
木片(カラマツ),NA
アカメガシワ種子,NA
イタヤカエデ種子,NA
キハダ種子,NA
土壌(ローム),NA
炭化材(コナラ属?),NA
織物圧痕付炭化物,NA
陸生哺乳類 長骨骨幹破片,NA
陸生哺乳類 肋骨?,NA
歯(シカ臼歯),NA
炭化材(広葉樹環孔材),NA
風倒木(トネリコ属),NA
炭化草本類(シダ植物),NA
ブタ肋骨,NA
炭化材(サクラ属サクラ亜属),NA
炭化材(コナラ節亜属),NA
植物片(イネ科),NA
炭化種子(クルミ?),NA
種子?,NA
炭化材(カバノキ属?),NA
貝 アサリ 右殻,NA
炭化種実(コナラ属コナラ節),NA
炭化種実(コナラ),NA
植物遺体(イネ科･稈),NA
生の種実(オニバス種子）,NA
生の種実(ジュンサイ種子),NA
生の種実(ヒシ属果実),NA
炭化植物遺体(イネ科･稈),NA
生の種実(ゴキヅル種子),NA
焼骨(哺乳綱),NA
焼骨(ヒト?) 四肢骨,NA
生木(アカメガシワ),NA
生木(サクラ属),NA
炭化材(カエデ属?),NA
炭化穀物(イネ),NA
木材(サルノコシカケ科),NA
木材(クルミ科クルミ属オニグルミ),NA
木材(カバノキ科ハンノキ属),NA
樹皮(ヤマザクラorカバの樹皮),NA
植物遺体(ひょうたん),NA
土壌(植物繊維含),NA
成人の歯(5点),NA
炭化樹皮(針葉樹･マツ科?),NA
草本?,NA
堅果類(ミズナラ),NA
根、地下茎,NA
生の種実(クリ種実),NA
生の種実(トチノキ未熟種子),NA
生の骨(ウマ右肩甲骨),NA
焼骨(ヒト),NA
炭化物(植物繊維),NA
イネ科草本?･稈,NA
双子葉植物･葉,NA
人骨 頭蓋,NA
人骨 脛骨(小児),NA
人骨 脛骨(乳児),NA
ヨシの地下茎?,NA
カシ類の葉,NA
土壌 クロボク,NA
砂混じりシルト質粘土,NA
砂混じり腐植質粘土,NA
種実(イタヤカエデ種子),NA
種実(ハシバミ果実),NA
木材(ハシバミ属),NA
木材(フジ属),NA
貝(ムラサキガイ),NA
木片(シダ植物の葉･松?),NA
炭化種子(ヤマモモ?),NA
ハンノキ属翼果(3点),NA
エゴノキ(破片)核,NA
ブドウ属(完形)種子,NA
ハンノキ属ハンノキ節 枝,NA
生材(ハンノキ属ハンノキ節) 根?,NA
サクラ属サクラ節 核,NA
生材(樹皮?),NA
ウマ歯(上顎臼歯 左),NA
木材(ウルシ材),NA
オニグルミ核(乾燥),NA
トチノキ未熟果,NA
炭化ダイズ属種子,NA
サンショウ種子,NA
エゴノキ核,NA
オニグルミ核?,NA
ヒシ属果実,NA
イネ科炭化稈,NA
コウゾ属核,NA
生試料･種実(トチノキ種子破片),NA
昆虫(コアオハナムグリ左上翅),NA
生試料,NA
人骨 頭頂骨,NA
人骨 第5基節骨,NA
